INSERT INTO USER_INFO (gpa, mbti, address, advantages, birth_date, disadvantage, hobby, major, name, phone_num, photo,
                       self_introduction, specialty_skill, student_id, ob, year_registration, email, password,
                       regular_member)
VALUES (4.2, 'ENTP', '수완동',
        '나의 장점',
        '1996-04-15',
        '나의 단점',
        '달리기', '컴퓨터 공학과', '박승찬', '010-2383-6578', '사진',
        '자기소개',
        '특기', '20161822', FALSE, '2023', 'seungchan141414@gmail.com',
        '$2a$10$735DgTje5HKqKqQrD3Jd5.j4sfdDF5Q4aXx7TUq2JWYwj/pz3n05a', TRUE),
       (4.2, 'ENTP', '수완동',
        '나의 장점',
        '1996-04-15',
        '나의 단점',
        '달리기', '컴퓨터 공학과', '김주연', '010-2383-6578', '사진',
        '자기소개',
        '특기', '20161822', FALSE, '2023', '3@gmail.com', '$2a$10$735DgTje5HKqKqQrD3Jd5.j4sfdDF5Q4aXx7TUq2JWYwj/pz3n05a',
        TRUE);


INSERT INTO user_utill (cnt_vacation, nuri_king, name, user_id, general_affairs)
VALUES (0, TRUE, '박승찬', 1, FALSE),
       (1, FALSE, '김주연', 2, FALSE);

-- study_jpa_attendance_check_time
INSERT INTO attendance_check_time (attendance_check_time_id, create_date, update_date, friday, long_vacation, monday,
                                   saturday, sunday, thursday, tuesday, wednesday)
VALUES (1, '2024-02-17 17:06:45.034335', '2024-02-17 17:06:45.032853', 'TEN', 'NOT_APPLIED', 'TEN', 'TEN', 'TEN', 'TEN',
        'TEN', 'TEN');
INSERT INTO attendance_check_time (attendance_check_time_id, create_date, update_date, friday, long_vacation, monday,
                                   saturday, sunday, thursday, tuesday, wednesday)
VALUES (2, '2024-02-17 17:06:45.047142', '2024-02-17 17:06:45.047067', 'TEN', 'NOT_APPLIED', 'TEN', 'TEN', 'TEN', 'TEN',
        'TEN', 'TEN');
INSERT INTO attendance_check_time (attendance_check_time_id, create_date, update_date, friday, long_vacation, monday,
                                   saturday, sunday, thursday, tuesday, wednesday)
VALUES (3, '2024-02-17 17:06:45.051246', '2024-02-17 17:06:45.051173', 'TEN', 'NOT_APPLIED', 'TEN', 'TEN', 'TEN', 'TEN',
        'TEN', 'TEN');
INSERT INTO attendance_check_time (attendance_check_time_id, create_date, update_date, friday, long_vacation, monday,
                                   saturday, sunday, thursday, tuesday, wednesday)
VALUES (4, '2024-02-17 17:06:45.054689', '2024-02-17 17:06:45.054622', 'TEN', 'NOT_APPLIED', 'TEN', 'TEN', 'TEN', 'TEN',
        'TEN', 'TEN');
INSERT INTO attendance_check_time (attendance_check_time_id, create_date, update_date, friday, long_vacation, monday,
                                   saturday, sunday, thursday, tuesday, wednesday)
VALUES (5, '2024-02-17 17:06:45.059597', '2024-02-17 17:06:45.059505', 'TEN', 'NOT_APPLIED', 'TEN', 'TEN', 'TEN', 'TEN',
        'TEN', 'TEN');
INSERT INTO attendance_check_time (attendance_check_time_id, create_date, update_date, friday, long_vacation, monday,
                                   saturday, sunday, thursday, tuesday, wednesday)
VALUES (6, '2024-02-17 17:06:45.064637', '2024-02-17 17:06:45.064525', 'TEN', 'NOT_APPLIED', 'TEN', 'TEN', 'TEN', 'TEN',
        'TEN', 'TEN');
INSERT INTO attendance_check_time (attendance_check_time_id, create_date, update_date, friday, long_vacation, monday,
                                   saturday, sunday, thursday, tuesday, wednesday)
VALUES (7, '2024-02-17 17:06:45.068235', '2024-02-17 17:06:45.068133', 'TEN', 'NOT_APPLIED', 'TEN', 'TEN', 'TEN', 'TEN',
        'TEN', 'TEN');
INSERT INTO attendance_check_time (attendance_check_time_id, create_date, update_date, friday, long_vacation, monday,
                                   saturday, sunday, thursday, tuesday, wednesday)
VALUES (8, '2024-02-17 17:06:45.071607', '2024-02-17 17:06:45.071514', 'TEN', 'NOT_APPLIED', 'TEN', 'TEN', 'TEN', 'TEN',
        'TEN', 'TEN');
INSERT INTO attendance_check_time (attendance_check_time_id, create_date, update_date, friday, long_vacation, monday,
                                   saturday, sunday, thursday, tuesday, wednesday)
VALUES (9, '2024-02-17 17:06:45.076139', '2024-02-17 17:06:45.075917', 'TEN', 'NOT_APPLIED', 'TEN', 'TEN', 'TEN', 'TEN',
        'TEN', 'TEN');
INSERT INTO attendance_check_time (attendance_check_time_id, create_date, update_date, friday, long_vacation, monday,
                                   saturday, sunday, thursday, tuesday, wednesday)
VALUES (10, '2024-02-17 17:06:45.079618', '2024-02-17 17:06:45.079541', 'TEN', 'NOT_APPLIED', 'TEN', 'TEN', 'TEN',
        'TEN', 'TEN', 'TEN');
INSERT INTO attendance_check_time (attendance_check_time_id, create_date, update_date, friday, long_vacation, monday,
                                   saturday, sunday, thursday, tuesday, wednesday)
VALUES (11, '2024-02-17 17:06:45.083217', '2024-02-17 17:06:45.083135', 'TEN', 'NOT_APPLIED', 'TEN', 'TEN', 'TEN',
        'TEN', 'TEN', 'TEN');
INSERT INTO attendance_check_time (attendance_check_time_id, create_date, update_date, friday, long_vacation, monday,
                                   saturday, sunday, thursday, tuesday, wednesday)
VALUES (12, '2024-02-17 17:06:45.087342', '2024-02-17 17:06:45.087263', 'TEN', 'NOT_APPLIED', 'TEN', 'TEN', 'TEN',
        'TEN', 'TEN', 'TEN');
INSERT INTO attendance_check_time (attendance_check_time_id, create_date, update_date, friday, long_vacation, monday,
                                   saturday, sunday, thursday, tuesday, wednesday)
VALUES (13, '2024-02-17 17:06:45.091747', '2024-02-17 17:06:45.091661', 'TEN', 'NOT_APPLIED', 'TEN', 'TEN', 'TEN',
        'TEN', 'TEN', 'TEN');
INSERT INTO attendance_check_time (attendance_check_time_id, create_date, update_date, friday, long_vacation, monday,
                                   saturday, sunday, thursday, tuesday, wednesday)
VALUES (14, '2024-02-17 17:06:45.095970', '2024-02-17 17:06:45.095895', 'TEN', 'NOT_APPLIED', 'TEN', 'TEN', 'TEN',
        'TEN', 'TEN', 'TEN');
INSERT INTO attendance_check_time (attendance_check_time_id, create_date, update_date, friday, long_vacation, monday,
                                   saturday, sunday, thursday, tuesday, wednesday)
VALUES (15, '2024-02-17 17:06:45.099522', '2024-02-17 17:06:45.099445', 'TEN', 'NOT_APPLIED', 'TEN', 'TEN', 'TEN',
        'TEN', 'TEN', 'TEN');
INSERT INTO attendance_check_time (attendance_check_time_id, create_date, update_date, friday, long_vacation, monday,
                                   saturday, sunday, thursday, tuesday, wednesday)
VALUES (16, '2024-02-17 17:06:45.103880', '2024-02-17 17:06:45.103645', 'TEN', 'NOT_APPLIED', 'TEN', 'TEN', 'TEN',
        'TEN', 'TEN', 'TEN');
INSERT INTO attendance_check_time (attendance_check_time_id, create_date, update_date, friday, long_vacation, monday,
                                   saturday, sunday, thursday, tuesday, wednesday)
VALUES (17, '2024-02-17 17:06:45.108520', '2024-02-17 17:06:45.108449', 'TEN', 'NOT_APPLIED', 'TEN', 'TEN', 'TEN',
        'TEN', 'TEN', 'TEN');
INSERT INTO attendance_check_time (attendance_check_time_id, create_date, update_date, friday, long_vacation, monday,
                                   saturday, sunday, thursday, tuesday, wednesday)
VALUES (18, '2024-02-17 17:06:45.111825', '2024-02-17 17:06:45.111748', 'TEN', 'NOT_APPLIED', 'TEN', 'TEN', 'TEN',
        'TEN', 'TEN', 'TEN');
INSERT INTO attendance_check_time (attendance_check_time_id, create_date, update_date, friday, long_vacation, monday,
                                   saturday, sunday, thursday, tuesday, wednesday)
VALUES (19, '2024-02-17 17:06:45.114723', '2024-02-17 17:06:45.114650', 'TEN', 'NOT_APPLIED', 'TEN', 'TEN', 'TEN',
        'TEN', 'TEN', 'TEN');
INSERT INTO attendance_check_time (attendance_check_time_id, create_date, update_date, friday, long_vacation, monday,
                                   saturday, sunday, thursday, tuesday, wednesday)
VALUES (20, '2024-02-17 17:06:45.117472', '2024-02-17 17:06:45.117411', 'TEN', 'NOT_APPLIED', 'TEN', 'TEN', 'TEN',
        'TEN', 'TEN', 'TEN');
INSERT INTO attendance_check_time (attendance_check_time_id, create_date, update_date, friday, long_vacation, monday,
                                   saturday, sunday, thursday, tuesday, wednesday)
VALUES (21, '2024-02-17 17:06:45.120022', '2024-02-17 17:06:45.119942', 'TEN', 'NOT_APPLIED', 'TEN', 'TEN', 'TEN',
        'TEN', 'TEN', 'TEN');
INSERT INTO attendance_check_time (attendance_check_time_id, create_date, update_date, friday, long_vacation, monday,
                                   saturday, sunday, thursday, tuesday, wednesday)
VALUES (22, '2024-02-17 17:06:45.123057', '2024-02-17 17:06:45.122986', 'TEN', 'NOT_APPLIED', 'TEN', 'TEN', 'TEN',
        'TEN', 'TEN', 'TEN');
INSERT INTO attendance_check_time (attendance_check_time_id, create_date, update_date, friday, long_vacation, monday,
                                   saturday, sunday, thursday, tuesday, wednesday)
VALUES (23, '2024-02-17 17:06:45.125964', '2024-02-17 17:06:45.125888', 'TEN', 'NOT_APPLIED', 'TEN', 'TEN', 'TEN',
        'TEN', 'TEN', 'TEN');
INSERT INTO attendance_check_time (attendance_check_time_id, create_date, update_date, friday, long_vacation, monday,
                                   saturday, sunday, thursday, tuesday, wednesday)
VALUES (24, '2024-02-17 17:06:45.129971', '2024-02-17 17:06:45.129882', 'TEN', 'NOT_APPLIED', 'TEN', 'TEN', 'TEN',
        'TEN', 'TEN', 'TEN');
INSERT INTO attendance_check_time (attendance_check_time_id, create_date, update_date, friday, long_vacation, monday,
                                   saturday, sunday, thursday, tuesday, wednesday)
VALUES (25, '2024-02-17 17:06:45.133305', '2024-02-17 17:06:45.133231', 'TEN', 'NOT_APPLIED', 'TEN', 'TEN', 'TEN',
        'TEN', 'TEN', 'TEN');
INSERT INTO attendance_check_time (attendance_check_time_id, create_date, update_date, friday, long_vacation, monday,
                                   saturday, sunday, thursday, tuesday, wednesday)
VALUES (26, '2024-02-17 17:06:45.136964', '2024-02-17 17:06:45.136907', 'TEN', 'NOT_APPLIED', 'TEN', 'TEN', 'TEN',
        'TEN', 'TEN', 'TEN');
INSERT INTO attendance_check_time (attendance_check_time_id, create_date, update_date, friday, long_vacation, monday,
                                   saturday, sunday, thursday, tuesday, wednesday)
VALUES (27, '2024-02-17 17:06:45.139906', '2024-02-17 17:06:45.139849', 'TEN', 'NOT_APPLIED', 'TEN', 'TEN', 'TEN',
        'TEN', 'TEN', 'TEN');
INSERT INTO attendance_check_time (attendance_check_time_id, create_date, update_date, friday, long_vacation, monday,
                                   saturday, sunday, thursday, tuesday, wednesday)
VALUES (28, '2024-02-17 17:06:45.143160', '2024-02-17 17:06:45.143096', 'TEN', 'NOT_APPLIED', 'TEN', 'TEN', 'TEN',
        'TEN', 'TEN', 'TEN');
INSERT INTO attendance_check_time (attendance_check_time_id, create_date, update_date, friday, long_vacation, monday,
                                   saturday, sunday, thursday, tuesday, wednesday)
VALUES (29, '2024-02-17 17:06:45.146551', '2024-02-17 17:06:45.146488', 'TEN', 'NOT_APPLIED', 'TEN', 'TEN', 'TEN',
        'TEN', 'TEN', 'TEN');
INSERT INTO attendance_check_time (attendance_check_time_id, create_date, update_date, friday, long_vacation, monday,
                                   saturday, sunday, thursday, tuesday, wednesday)
VALUES (30, '2024-02-17 17:06:45.149144', '2024-02-17 17:06:45.149088', 'TEN', 'NOT_APPLIED', 'TEN', 'TEN', 'TEN',
        'TEN', 'TEN', 'TEN');
INSERT INTO attendance_check_time (attendance_check_time_id, create_date, update_date, friday, long_vacation, monday,
                                   saturday, sunday, thursday, tuesday, wednesday)
VALUES (31, '2024-02-17 17:06:45.724084', '2024-02-17 17:06:45.724049', 'TEN', 'NOT_APPLIED', 'TEN', 'TEN', 'TEN',
        'TEN', 'TEN', 'TEN');
INSERT INTO attendance_check_time (attendance_check_time_id, create_date, update_date, friday, long_vacation, monday,
                                   saturday, sunday, thursday, tuesday, wednesday)
VALUES (32, '2024-02-17 17:06:45.725688', '2024-02-17 17:06:45.725651', 'TEN', 'NOT_APPLIED', 'TEN', 'TEN', 'TEN',
        'TEN', 'TEN', 'TEN');
INSERT INTO attendance_check_time (attendance_check_time_id, create_date, update_date, friday, long_vacation, monday,
                                   saturday, sunday, thursday, tuesday, wednesday)
VALUES (33, '2024-02-17 17:06:45.727013', '2024-02-17 17:06:45.726991', 'TEN', 'NOT_APPLIED', 'TEN', 'TEN', 'TEN',
        'TEN', 'TEN', 'TEN');
INSERT INTO attendance_check_time (attendance_check_time_id, create_date, update_date, friday, long_vacation, monday,
                                   saturday, sunday, thursday, tuesday, wednesday)
VALUES (34, '2024-02-17 17:06:45.728085', '2024-02-17 17:06:45.728069', 'TEN', 'NOT_APPLIED', 'TEN', 'TEN', 'TEN',
        'TEN', 'TEN', 'TEN');
INSERT INTO attendance_check_time (attendance_check_time_id, create_date, update_date, friday, long_vacation, monday,
                                   saturday, sunday, thursday, tuesday, wednesday)
VALUES (35, '2024-02-17 17:06:45.729068', '2024-02-17 17:06:45.729052', 'TEN', 'NOT_APPLIED', 'TEN', 'TEN', 'TEN',
        'TEN', 'TEN', 'TEN');
INSERT INTO attendance_check_time (attendance_check_time_id, create_date, update_date, friday, long_vacation, monday,
                                   saturday, sunday, thursday, tuesday, wednesday)
VALUES (36, '2024-02-17 17:06:45.730082', '2024-02-17 17:06:45.730065', 'TEN', 'NOT_APPLIED', 'TEN', 'TEN', 'TEN',
        'TEN', 'TEN', 'TEN');
INSERT INTO attendance_check_time (attendance_check_time_id, create_date, update_date, friday, long_vacation, monday,
                                   saturday, sunday, thursday, tuesday, wednesday)
VALUES (37, '2024-02-17 17:06:45.731169', '2024-02-17 17:06:45.731141', 'TEN', 'NOT_APPLIED', 'TEN', 'TEN', 'TEN',
        'TEN', 'TEN', 'TEN');
INSERT INTO attendance_check_time (attendance_check_time_id, create_date, update_date, friday, long_vacation, monday,
                                   saturday, sunday, thursday, tuesday, wednesday)
VALUES (38, '2024-02-17 17:06:45.732383', '2024-02-17 17:06:45.732362', 'TEN', 'NOT_APPLIED', 'TEN', 'TEN', 'TEN',
        'TEN', 'TEN', 'TEN');
INSERT INTO attendance_check_time (attendance_check_time_id, create_date, update_date, friday, long_vacation, monday,
                                   saturday, sunday, thursday, tuesday, wednesday)
VALUES (39, '2024-02-17 17:06:45.733462', '2024-02-17 17:06:45.733435', 'TEN', 'NOT_APPLIED', 'TEN', 'TEN', 'TEN',
        'TEN', 'TEN', 'TEN');
INSERT INTO attendance_check_time (attendance_check_time_id, create_date, update_date, friday, long_vacation, monday,
                                   saturday, sunday, thursday, tuesday, wednesday)
VALUES (40, '2024-02-17 17:06:45.734649', '2024-02-17 17:06:45.734627', 'TEN', 'NOT_APPLIED', 'TEN', 'TEN', 'TEN',
        'TEN', 'TEN', 'TEN');
INSERT INTO attendance_check_time (attendance_check_time_id, create_date, update_date, friday, long_vacation, monday,
                                   saturday, sunday, thursday, tuesday, wednesday)
VALUES (41, '2024-02-17 17:06:45.735594', '2024-02-17 17:06:45.735580', 'TEN', 'NOT_APPLIED', 'TEN', 'TEN', 'TEN',
        'TEN', 'TEN', 'TEN');
INSERT INTO attendance_check_time (attendance_check_time_id, create_date, update_date, friday, long_vacation, monday,
                                   saturday, sunday, thursday, tuesday, wednesday)
VALUES (42, '2024-02-17 17:06:45.736615', '2024-02-17 17:06:45.736599', 'TEN', 'NOT_APPLIED', 'TEN', 'TEN', 'TEN',
        'TEN', 'TEN', 'TEN');
INSERT INTO attendance_check_time (attendance_check_time_id, create_date, update_date, friday, long_vacation, monday,
                                   saturday, sunday, thursday, tuesday, wednesday)
VALUES (43, '2024-02-17 17:06:45.737623', '2024-02-17 17:06:45.737601', 'TEN', 'NOT_APPLIED', 'TEN', 'TEN', 'TEN',
        'TEN', 'TEN', 'TEN');
INSERT INTO attendance_check_time (attendance_check_time_id, create_date, update_date, friday, long_vacation, monday,
                                   saturday, sunday, thursday, tuesday, wednesday)
VALUES (44, '2024-02-17 17:06:45.738644', '2024-02-17 17:06:45.738625', 'TEN', 'NOT_APPLIED', 'TEN', 'TEN', 'TEN',
        'TEN', 'TEN', 'TEN');
INSERT INTO attendance_check_time (attendance_check_time_id, create_date, update_date, friday, long_vacation, monday,
                                   saturday, sunday, thursday, tuesday, wednesday)
VALUES (45, '2024-02-17 17:06:45.739682', '2024-02-17 17:06:45.739668', 'TEN', 'NOT_APPLIED', 'TEN', 'TEN', 'TEN',
        'TEN', 'TEN', 'TEN');
INSERT INTO attendance_check_time (attendance_check_time_id, create_date, update_date, friday, long_vacation, monday,
                                   saturday, sunday, thursday, tuesday, wednesday)
VALUES (46, '2024-02-17 17:06:45.740642', '2024-02-17 17:06:45.740629', 'TEN', 'NOT_APPLIED', 'TEN', 'TEN', 'TEN',
        'TEN', 'TEN', 'TEN');
INSERT INTO attendance_check_time (attendance_check_time_id, create_date, update_date, friday, long_vacation, monday,
                                   saturday, sunday, thursday, tuesday, wednesday)
VALUES (47, '2024-02-17 17:06:45.741676', '2024-02-17 17:06:45.741661', 'TEN', 'NOT_APPLIED', 'TEN', 'TEN', 'TEN',
        'TEN', 'TEN', 'TEN');
INSERT INTO attendance_check_time (attendance_check_time_id, create_date, update_date, friday, long_vacation, monday,
                                   saturday, sunday, thursday, tuesday, wednesday)
VALUES (48, '2024-02-17 17:06:45.742648', '2024-02-17 17:06:45.742633', 'TEN', 'NOT_APPLIED', 'TEN', 'TEN', 'TEN',
        'TEN', 'TEN', 'TEN');
INSERT INTO attendance_check_time (attendance_check_time_id, create_date, update_date, friday, long_vacation, monday,
                                   saturday, sunday, thursday, tuesday, wednesday)
VALUES (49, '2024-02-17 17:06:45.743549', '2024-02-17 17:06:45.743535', 'TEN', 'NOT_APPLIED', 'TEN', 'TEN', 'TEN',
        'TEN', 'TEN', 'TEN');
INSERT INTO attendance_check_time (attendance_check_time_id, create_date, update_date, friday, long_vacation, monday,
                                   saturday, sunday, thursday, tuesday, wednesday)
VALUES (50, '2024-02-17 17:06:45.744447', '2024-02-17 17:06:45.744435', 'TEN', 'NOT_APPLIED', 'TEN', 'TEN', 'TEN',
        'TEN', 'TEN', 'TEN');
INSERT INTO attendance_check_time (attendance_check_time_id, create_date, update_date, friday, long_vacation, monday,
                                   saturday, sunday, thursday, tuesday, wednesday)
VALUES (51, '2024-02-17 17:06:45.947548', '2024-02-17 17:06:45.947528', 'TEN', 'NOT_APPLIED', 'TEN', 'TEN', 'TEN',
        'TEN', 'TEN', 'TEN');
INSERT INTO attendance_check_time (attendance_check_time_id, create_date, update_date, friday, long_vacation, monday,
                                   saturday, sunday, thursday, tuesday, wednesday)
VALUES (52, '2024-02-17 17:06:45.948518', '2024-02-17 17:06:45.948496', 'TEN', 'NOT_APPLIED', 'TEN', 'TEN', 'TEN',
        'TEN', 'TEN', 'TEN');
INSERT INTO attendance_check_time (attendance_check_time_id, create_date, update_date, friday, long_vacation, monday,
                                   saturday, sunday, thursday, tuesday, wednesday)
VALUES (53, '2024-02-17 17:06:45.949420', '2024-02-17 17:06:45.949405', 'TEN', 'NOT_APPLIED', 'TEN', 'TEN', 'TEN',
        'TEN', 'TEN', 'TEN');
INSERT INTO attendance_check_time (attendance_check_time_id, create_date, update_date, friday, long_vacation, monday,
                                   saturday, sunday, thursday, tuesday, wednesday)
VALUES (54, '2024-02-17 17:06:45.950281', '2024-02-17 17:06:45.950269', 'TEN', 'NOT_APPLIED', 'TEN', 'TEN', 'TEN',
        'TEN', 'TEN', 'TEN');
INSERT INTO attendance_check_time (attendance_check_time_id, create_date, update_date, friday, long_vacation, monday,
                                   saturday, sunday, thursday, tuesday, wednesday)
VALUES (55, '2024-02-17 17:06:45.951139', '2024-02-17 17:06:45.951127', 'TEN', 'NOT_APPLIED', 'TEN', 'TEN', 'TEN',
        'TEN', 'TEN', 'TEN');
INSERT INTO attendance_check_time (attendance_check_time_id, create_date, update_date, friday, long_vacation, monday,
                                   saturday, sunday, thursday, tuesday, wednesday)
VALUES (56, '2024-02-17 17:06:45.952084', '2024-02-17 17:06:45.952062', 'TEN', 'NOT_APPLIED', 'TEN', 'TEN', 'TEN',
        'TEN', 'TEN', 'TEN');
INSERT INTO attendance_check_time (attendance_check_time_id, create_date, update_date, friday, long_vacation, monday,
                                   saturday, sunday, thursday, tuesday, wednesday)
VALUES (57, '2024-02-17 17:06:45.952921', '2024-02-17 17:06:45.952907', 'TEN', 'NOT_APPLIED', 'TEN', 'TEN', 'TEN',
        'TEN', 'TEN', 'TEN');
INSERT INTO attendance_check_time (attendance_check_time_id, create_date, update_date, friday, long_vacation, monday,
                                   saturday, sunday, thursday, tuesday, wednesday)
VALUES (58, '2024-02-17 17:06:45.953799', '2024-02-17 17:06:45.953786', 'TEN', 'NOT_APPLIED', 'TEN', 'TEN', 'TEN',
        'TEN', 'TEN', 'TEN');
INSERT INTO attendance_check_time (attendance_check_time_id, create_date, update_date, friday, long_vacation, monday,
                                   saturday, sunday, thursday, tuesday, wednesday)
VALUES (59, '2024-02-17 17:06:45.954721', '2024-02-17 17:06:45.954701', 'TEN', 'NOT_APPLIED', 'TEN', 'TEN', 'TEN',
        'TEN', 'TEN', 'TEN');
INSERT INTO attendance_check_time (attendance_check_time_id, create_date, update_date, friday, long_vacation, monday,
                                   saturday, sunday, thursday, tuesday, wednesday)
VALUES (60, '2024-02-17 17:06:45.955592', '2024-02-17 17:06:45.955575', 'TEN', 'NOT_APPLIED', 'TEN', 'TEN', 'TEN',
        'TEN', 'TEN', 'TEN');
INSERT INTO attendance_check_time (attendance_check_time_id, create_date, update_date, friday, long_vacation, monday,
                                   saturday, sunday, thursday, tuesday, wednesday)
VALUES (61, '2024-02-17 17:06:45.956466', '2024-02-17 17:06:45.956451', 'TEN', 'NOT_APPLIED', 'TEN', 'TEN', 'TEN',
        'TEN', 'TEN', 'TEN');
INSERT INTO attendance_check_time (attendance_check_time_id, create_date, update_date, friday, long_vacation, monday,
                                   saturday, sunday, thursday, tuesday, wednesday)
VALUES (62, '2024-02-17 17:06:45.957295', '2024-02-17 17:06:45.957283', 'TEN', 'NOT_APPLIED', 'TEN', 'TEN', 'TEN',
        'TEN', 'TEN', 'TEN');
INSERT INTO attendance_check_time (attendance_check_time_id, create_date, update_date, friday, long_vacation, monday,
                                   saturday, sunday, thursday, tuesday, wednesday)
VALUES (63, '2024-02-17 17:06:45.958114', '2024-02-17 17:06:45.958103', 'TEN', 'NOT_APPLIED', 'TEN', 'TEN', 'TEN',
        'TEN', 'TEN', 'TEN');
INSERT INTO attendance_check_time (attendance_check_time_id, create_date, update_date, friday, long_vacation, monday,
                                   saturday, sunday, thursday, tuesday, wednesday)
VALUES (64, '2024-02-17 17:06:45.958878', '2024-02-17 17:06:45.958867', 'TEN', 'NOT_APPLIED', 'TEN', 'TEN', 'TEN',
        'TEN', 'TEN', 'TEN');
INSERT INTO attendance_check_time (attendance_check_time_id, create_date, update_date, friday, long_vacation, monday,
                                   saturday, sunday, thursday, tuesday, wednesday)
VALUES (65, '2024-02-17 17:06:45.960141', '2024-02-17 17:06:45.960127', 'TEN', 'NOT_APPLIED', 'TEN', 'TEN', 'TEN',
        'TEN', 'TEN', 'TEN');
INSERT INTO attendance_check_time (attendance_check_time_id, create_date, update_date, friday, long_vacation, monday,
                                   saturday, sunday, thursday, tuesday, wednesday)
VALUES (66, '2024-02-17 17:06:45.961015', '2024-02-17 17:06:45.961001', 'TEN', 'NOT_APPLIED', 'TEN', 'TEN', 'TEN',
        'TEN', 'TEN', 'TEN');
INSERT INTO attendance_check_time (attendance_check_time_id, create_date, update_date, friday, long_vacation, monday,
                                   saturday, sunday, thursday, tuesday, wednesday)
VALUES (67, '2024-02-17 17:06:45.961818', '2024-02-17 17:06:45.961807', 'TEN', 'NOT_APPLIED', 'TEN', 'TEN', 'TEN',
        'TEN', 'TEN', 'TEN');
INSERT INTO attendance_check_time (attendance_check_time_id, create_date, update_date, friday, long_vacation, monday,
                                   saturday, sunday, thursday, tuesday, wednesday)
VALUES (68, '2024-02-17 17:06:45.962694', '2024-02-17 17:06:45.962676', 'TEN', 'NOT_APPLIED', 'TEN', 'TEN', 'TEN',
        'TEN', 'TEN', 'TEN');
INSERT INTO attendance_check_time (attendance_check_time_id, create_date, update_date, friday, long_vacation, monday,
                                   saturday, sunday, thursday, tuesday, wednesday)
VALUES (69, '2024-02-17 17:06:45.963575', '2024-02-17 17:06:45.963563', 'TEN', 'NOT_APPLIED', 'TEN', 'TEN', 'TEN',
        'TEN', 'TEN', 'TEN');
INSERT INTO attendance_check_time (attendance_check_time_id, create_date, update_date, friday, long_vacation, monday,
                                   saturday, sunday, thursday, tuesday, wednesday)
VALUES (70, '2024-02-17 17:06:45.964394', '2024-02-17 17:06:45.964383', 'TEN', 'NOT_APPLIED', 'TEN', 'TEN', 'TEN',
        'TEN', 'TEN', 'TEN');
INSERT INTO attendance_check_time (attendance_check_time_id, create_date, update_date, friday, long_vacation, monday,
                                   saturday, sunday, thursday, tuesday, wednesday)
VALUES (71, '2024-02-17 17:06:45.965154', '2024-02-17 17:06:45.965140', 'TEN', 'NOT_APPLIED', 'TEN', 'TEN', 'TEN',
        'TEN', 'TEN', 'TEN');
INSERT INTO attendance_check_time (attendance_check_time_id, create_date, update_date, friday, long_vacation, monday,
                                   saturday, sunday, thursday, tuesday, wednesday)
VALUES (72, '2024-02-17 17:06:45.965916', '2024-02-17 17:06:45.965905', 'TEN', 'NOT_APPLIED', 'TEN', 'TEN', 'TEN',
        'TEN', 'TEN', 'TEN');
INSERT INTO attendance_check_time (attendance_check_time_id, create_date, update_date, friday, long_vacation, monday,
                                   saturday, sunday, thursday, tuesday, wednesday)
VALUES (73, '2024-02-17 17:06:45.966692', '2024-02-17 17:06:45.966682', 'TEN', 'NOT_APPLIED', 'TEN', 'TEN', 'TEN',
        'TEN', 'TEN', 'TEN');
INSERT INTO attendance_check_time (attendance_check_time_id, create_date, update_date, friday, long_vacation, monday,
                                   saturday, sunday, thursday, tuesday, wednesday)
VALUES (74, '2024-02-17 17:06:45.967504', '2024-02-17 17:06:45.967492', 'TEN', 'NOT_APPLIED', 'TEN', 'TEN', 'TEN',
        'TEN', 'TEN', 'TEN');
INSERT INTO attendance_check_time (attendance_check_time_id, create_date, update_date, friday, long_vacation, monday,
                                   saturday, sunday, thursday, tuesday, wednesday)
VALUES (75, '2024-02-17 17:06:45.968361', '2024-02-17 17:06:45.968346', 'TEN', 'NOT_APPLIED', 'TEN', 'TEN', 'TEN',
        'TEN', 'TEN', 'TEN');
INSERT INTO attendance_check_time (attendance_check_time_id, create_date, update_date, friday, long_vacation, monday,
                                   saturday, sunday, thursday, tuesday, wednesday)
VALUES (76, '2024-02-17 17:06:45.969231', '2024-02-17 17:06:45.969219', 'TEN', 'NOT_APPLIED', 'TEN', 'TEN', 'TEN',
        'TEN', 'TEN', 'TEN');
INSERT INTO attendance_check_time (attendance_check_time_id, create_date, update_date, friday, long_vacation, monday,
                                   saturday, sunday, thursday, tuesday, wednesday)
VALUES (77, '2024-02-17 17:06:45.970031', '2024-02-17 17:06:45.970018', 'TEN', 'NOT_APPLIED', 'TEN', 'TEN', 'TEN',
        'TEN', 'TEN', 'TEN');
INSERT INTO attendance_check_time (attendance_check_time_id, create_date, update_date, friday, long_vacation, monday,
                                   saturday, sunday, thursday, tuesday, wednesday)
VALUES (78, '2024-02-17 17:06:45.970847', '2024-02-17 17:06:45.970833', 'TEN', 'NOT_APPLIED', 'TEN', 'TEN', 'TEN',
        'TEN', 'TEN', 'TEN');
INSERT INTO attendance_check_time (attendance_check_time_id, create_date, update_date, friday, long_vacation, monday,
                                   saturday, sunday, thursday, tuesday, wednesday)
VALUES (79, '2024-02-17 17:06:45.971684', '2024-02-17 17:06:45.971672', 'TEN', 'NOT_APPLIED', 'TEN', 'TEN', 'TEN',
        'TEN', 'TEN', 'TEN');
INSERT INTO attendance_check_time (attendance_check_time_id, create_date, update_date, friday, long_vacation, monday,
                                   saturday, sunday, thursday, tuesday, wednesday)
VALUES (80, '2024-02-17 17:06:45.972481', '2024-02-17 17:06:45.972470', 'TEN', 'NOT_APPLIED', 'TEN', 'TEN', 'TEN',
        'TEN', 'TEN', 'TEN');
INSERT INTO attendance_check_time (attendance_check_time_id, create_date, update_date, friday, long_vacation, monday,
                                   saturday, sunday, thursday, tuesday, wednesday)
VALUES (81, '2024-02-17 17:06:46.247343', '2024-02-17 17:06:46.247325', 'TEN', 'NOT_APPLIED', 'TEN', 'TEN', 'TEN',
        'TEN', 'TEN', 'TEN');
INSERT INTO attendance_check_time (attendance_check_time_id, create_date, update_date, friday, long_vacation, monday,
                                   saturday, sunday, thursday, tuesday, wednesday)
VALUES (82, '2024-02-17 17:06:46.248251', '2024-02-17 17:06:46.248239', 'TEN', 'NOT_APPLIED', 'TEN', 'TEN', 'TEN',
        'TEN', 'TEN', 'TEN');
INSERT INTO attendance_check_time (attendance_check_time_id, create_date, update_date, friday, long_vacation, monday,
                                   saturday, sunday, thursday, tuesday, wednesday)
VALUES (83, '2024-02-17 17:06:46.249005', '2024-02-17 17:06:46.248995', 'TEN', 'NOT_APPLIED', 'TEN', 'TEN', 'TEN',
        'TEN', 'TEN', 'TEN');
INSERT INTO attendance_check_time (attendance_check_time_id, create_date, update_date, friday, long_vacation, monday,
                                   saturday, sunday, thursday, tuesday, wednesday)
VALUES (84, '2024-02-17 17:06:46.249704', '2024-02-17 17:06:46.249695', 'TEN', 'NOT_APPLIED', 'TEN', 'TEN', 'TEN',
        'TEN', 'TEN', 'TEN');
INSERT INTO attendance_check_time (attendance_check_time_id, create_date, update_date, friday, long_vacation, monday,
                                   saturday, sunday, thursday, tuesday, wednesday)
VALUES (85, '2024-02-17 17:06:46.250461', '2024-02-17 17:06:46.250444', 'TEN', 'NOT_APPLIED', 'TEN', 'TEN', 'TEN',
        'TEN', 'TEN', 'TEN');
INSERT INTO attendance_check_time (attendance_check_time_id, create_date, update_date, friday, long_vacation, monday,
                                   saturday, sunday, thursday, tuesday, wednesday)
VALUES (86, '2024-02-17 17:06:46.251532', '2024-02-17 17:06:46.251519', 'TEN', 'NOT_APPLIED', 'TEN', 'TEN', 'TEN',
        'TEN', 'TEN', 'TEN');
INSERT INTO attendance_check_time (attendance_check_time_id, create_date, update_date, friday, long_vacation, monday,
                                   saturday, sunday, thursday, tuesday, wednesday)
VALUES (87, '2024-02-17 17:06:46.252374', '2024-02-17 17:06:46.252364', 'TEN', 'NOT_APPLIED', 'TEN', 'TEN', 'TEN',
        'TEN', 'TEN', 'TEN');
INSERT INTO attendance_check_time (attendance_check_time_id, create_date, update_date, friday, long_vacation, monday,
                                   saturday, sunday, thursday, tuesday, wednesday)
VALUES (88, '2024-02-17 17:06:46.253155', '2024-02-17 17:06:46.253146', 'TEN', 'NOT_APPLIED', 'TEN', 'TEN', 'TEN',
        'TEN', 'TEN', 'TEN');
INSERT INTO attendance_check_time (attendance_check_time_id, create_date, update_date, friday, long_vacation, monday,
                                   saturday, sunday, thursday, tuesday, wednesday)
VALUES (89, '2024-02-17 17:06:46.253956', '2024-02-17 17:06:46.253946', 'TEN', 'NOT_APPLIED', 'TEN', 'TEN', 'TEN',
        'TEN', 'TEN', 'TEN');
INSERT INTO attendance_check_time (attendance_check_time_id, create_date, update_date, friday, long_vacation, monday,
                                   saturday, sunday, thursday, tuesday, wednesday)
VALUES (90, '2024-02-17 17:06:46.254679', '2024-02-17 17:06:46.254670', 'TEN', 'NOT_APPLIED', 'TEN', 'TEN', 'TEN',
        'TEN', 'TEN', 'TEN');
INSERT INTO attendance_check_time (attendance_check_time_id, create_date, update_date, friday, long_vacation, monday,
                                   saturday, sunday, thursday, tuesday, wednesday)
VALUES (91, '2024-02-17 17:06:46.341649', '2024-02-17 17:06:46.341632', 'TEN', 'NOT_APPLIED', 'TEN', 'TEN', 'TEN',
        'TEN', 'TEN', 'TEN');
INSERT INTO attendance_check_time (attendance_check_time_id, create_date, update_date, friday, long_vacation, monday,
                                   saturday, sunday, thursday, tuesday, wednesday)
VALUES (92, '2024-02-17 17:06:46.342442', '2024-02-17 17:06:46.342433', 'TEN', 'NOT_APPLIED', 'TEN', 'TEN', 'TEN',
        'TEN', 'TEN', 'TEN');
INSERT INTO attendance_check_time (attendance_check_time_id, create_date, update_date, friday, long_vacation, monday,
                                   saturday, sunday, thursday, tuesday, wednesday)
VALUES (93, '2024-02-17 17:06:46.343187', '2024-02-17 17:06:46.343176', 'TEN', 'NOT_APPLIED', 'TEN', 'TEN', 'TEN',
        'TEN', 'TEN', 'TEN');
INSERT INTO attendance_check_time (attendance_check_time_id, create_date, update_date, friday, long_vacation, monday,
                                   saturday, sunday, thursday, tuesday, wednesday)
VALUES (94, '2024-02-17 17:06:46.343994', '2024-02-17 17:06:46.343979', 'TEN', 'NOT_APPLIED', 'TEN', 'TEN', 'TEN',
        'TEN', 'TEN', 'TEN');
INSERT INTO attendance_check_time (attendance_check_time_id, create_date, update_date, friday, long_vacation, monday,
                                   saturday, sunday, thursday, tuesday, wednesday)
VALUES (95, '2024-02-17 17:06:46.344790', '2024-02-17 17:06:46.344781', 'TEN', 'NOT_APPLIED', 'TEN', 'TEN', 'TEN',
        'TEN', 'TEN', 'TEN');
INSERT INTO attendance_check_time (attendance_check_time_id, create_date, update_date, friday, long_vacation, monday,
                                   saturday, sunday, thursday, tuesday, wednesday)
VALUES (96, '2024-02-17 17:06:46.345606', '2024-02-17 17:06:46.345593', 'TEN', 'NOT_APPLIED', 'TEN', 'TEN', 'TEN',
        'TEN', 'TEN', 'TEN');
INSERT INTO attendance_check_time (attendance_check_time_id, create_date, update_date, friday, long_vacation, monday,
                                   saturday, sunday, thursday, tuesday, wednesday)
VALUES (97, '2024-02-17 17:06:46.346444', '2024-02-17 17:06:46.346434', 'TEN', 'NOT_APPLIED', 'TEN', 'TEN', 'TEN',
        'TEN', 'TEN', 'TEN');
INSERT INTO attendance_check_time (attendance_check_time_id, create_date, update_date, friday, long_vacation, monday,
                                   saturday, sunday, thursday, tuesday, wednesday)
VALUES (98, '2024-02-17 17:06:46.347354', '2024-02-17 17:06:46.347344', 'TEN', 'NOT_APPLIED', 'TEN', 'TEN', 'TEN',
        'TEN', 'TEN', 'TEN');
INSERT INTO attendance_check_time (attendance_check_time_id, create_date, update_date, friday, long_vacation, monday,
                                   saturday, sunday, thursday, tuesday, wednesday)
VALUES (99, '2024-02-17 17:06:46.348105', '2024-02-17 17:06:46.348096', 'TEN', 'NOT_APPLIED', 'TEN', 'TEN', 'TEN',
        'TEN', 'TEN', 'TEN');
INSERT INTO attendance_check_time (attendance_check_time_id, create_date, update_date, friday, long_vacation, monday,
                                   saturday, sunday, thursday, tuesday, wednesday)
VALUES (100, '2024-02-17 17:06:46.348826', '2024-02-17 17:06:46.348814', 'TEN', 'NOT_APPLIED', 'TEN', 'TEN', 'TEN',
        'TEN', 'TEN', 'TEN');

-- vacation_token
INSERT INTO vacation_token (vacation_token_id, create_date, update_date, vacation_token, vacation_token_date)
VALUES (1, '2024-02-17 17:06:45.042166', '2024-02-17 17:06:45.041182', 5, '2024-02');
INSERT INTO vacation_token (vacation_token_id, create_date, update_date, vacation_token, vacation_token_date)
VALUES (2, '2024-02-17 17:06:45.049242', '2024-02-17 17:06:45.049124', 5, '2024-02');
INSERT INTO vacation_token (vacation_token_id, create_date, update_date, vacation_token, vacation_token_date)
VALUES (3, '2024-02-17 17:06:45.052788', '2024-02-17 17:06:45.052706', 5, '2024-02');
INSERT INTO vacation_token (vacation_token_id, create_date, update_date, vacation_token, vacation_token_date)
VALUES (4, '2024-02-17 17:06:45.056602', '2024-02-17 17:06:45.056498', 5, '2024-02');
INSERT INTO vacation_token (vacation_token_id, create_date, update_date, vacation_token, vacation_token_date)
VALUES (5, '2024-02-17 17:06:45.061690', '2024-02-17 17:06:45.061583', 5, '2024-02');
INSERT INTO vacation_token (vacation_token_id, create_date, update_date, vacation_token, vacation_token_date)
VALUES (6, '2024-02-17 17:06:45.066143', '2024-02-17 17:06:45.066042', 5, '2024-02');
INSERT INTO vacation_token (vacation_token_id, create_date, update_date, vacation_token, vacation_token_date)
VALUES (7, '2024-02-17 17:06:45.069661', '2024-02-17 17:06:45.069572', 5, '2024-02');
INSERT INTO vacation_token (vacation_token_id, create_date, update_date, vacation_token, vacation_token_date)
VALUES (8, '2024-02-17 17:06:45.073857', '2024-02-17 17:06:45.073709', 5, '2024-02');
INSERT INTO vacation_token (vacation_token_id, create_date, update_date, vacation_token, vacation_token_date)
VALUES (9, '2024-02-17 17:06:45.077677', '2024-02-17 17:06:45.077566', 5, '2024-02');
INSERT INTO vacation_token (vacation_token_id, create_date, update_date, vacation_token, vacation_token_date)
VALUES (10, '2024-02-17 17:06:45.081121', '2024-02-17 17:06:45.080975', 5, '2024-02');
INSERT INTO vacation_token (vacation_token_id, create_date, update_date, vacation_token, vacation_token_date)
VALUES (11, '2024-02-17 17:06:45.084651', '2024-02-17 17:06:45.084569', 5, '2024-02');
INSERT INTO vacation_token (vacation_token_id, create_date, update_date, vacation_token, vacation_token_date)
VALUES (12, '2024-02-17 17:06:45.089159', '2024-02-17 17:06:45.089052', 5, '2024-02');
INSERT INTO vacation_token (vacation_token_id, create_date, update_date, vacation_token, vacation_token_date)
VALUES (13, '2024-02-17 17:06:45.093464', '2024-02-17 17:06:45.093380', 5, '2024-02');
INSERT INTO vacation_token (vacation_token_id, create_date, update_date, vacation_token, vacation_token_date)
VALUES (14, '2024-02-17 17:06:45.097452', '2024-02-17 17:06:45.097320', 5, '2024-02');
INSERT INTO vacation_token (vacation_token_id, create_date, update_date, vacation_token, vacation_token_date)
VALUES (15, '2024-02-17 17:06:45.101161', '2024-02-17 17:06:45.101066', 5, '2024-02');
INSERT INTO vacation_token (vacation_token_id, create_date, update_date, vacation_token, vacation_token_date)
VALUES (16, '2024-02-17 17:06:45.105740', '2024-02-17 17:06:45.105555', 5, '2024-02');
INSERT INTO vacation_token (vacation_token_id, create_date, update_date, vacation_token, vacation_token_date)
VALUES (17, '2024-02-17 17:06:45.109838', '2024-02-17 17:06:45.109747', 5, '2024-02');
INSERT INTO vacation_token (vacation_token_id, create_date, update_date, vacation_token, vacation_token_date)
VALUES (18, '2024-02-17 17:06:45.113135', '2024-02-17 17:06:45.113057', 5, '2024-02');
INSERT INTO vacation_token (vacation_token_id, create_date, update_date, vacation_token, vacation_token_date)
VALUES (19, '2024-02-17 17:06:45.115838', '2024-02-17 17:06:45.115769', 5, '2024-02');
INSERT INTO vacation_token (vacation_token_id, create_date, update_date, vacation_token, vacation_token_date)
VALUES (20, '2024-02-17 17:06:45.118581', '2024-02-17 17:06:45.118484', 5, '2024-02');
INSERT INTO vacation_token (vacation_token_id, create_date, update_date, vacation_token, vacation_token_date)
VALUES (21, '2024-02-17 17:06:45.121363', '2024-02-17 17:06:45.121278', 5, '2024-02');
INSERT INTO vacation_token (vacation_token_id, create_date, update_date, vacation_token, vacation_token_date)
VALUES (22, '2024-02-17 17:06:45.124301', '2024-02-17 17:06:45.124221', 5, '2024-02');
INSERT INTO vacation_token (vacation_token_id, create_date, update_date, vacation_token, vacation_token_date)
VALUES (23, '2024-02-17 17:06:45.127220', '2024-02-17 17:06:45.127136', 5, '2024-02');
INSERT INTO vacation_token (vacation_token_id, create_date, update_date, vacation_token, vacation_token_date)
VALUES (24, '2024-02-17 17:06:45.131374', '2024-02-17 17:06:45.131301', 5, '2024-02');
INSERT INTO vacation_token (vacation_token_id, create_date, update_date, vacation_token, vacation_token_date)
VALUES (25, '2024-02-17 17:06:45.134957', '2024-02-17 17:06:45.134880', 5, '2024-02');
INSERT INTO vacation_token (vacation_token_id, create_date, update_date, vacation_token, vacation_token_date)
VALUES (26, '2024-02-17 17:06:45.138319', '2024-02-17 17:06:45.138229', 5, '2024-02');
INSERT INTO vacation_token (vacation_token_id, create_date, update_date, vacation_token, vacation_token_date)
VALUES (27, '2024-02-17 17:06:45.140934', '2024-02-17 17:06:45.140866', 5, '2024-02');
INSERT INTO vacation_token (vacation_token_id, create_date, update_date, vacation_token, vacation_token_date)
VALUES (28, '2024-02-17 17:06:45.144681', '2024-02-17 17:06:45.144584', 5, '2024-02');
INSERT INTO vacation_token (vacation_token_id, create_date, update_date, vacation_token, vacation_token_date)
VALUES (29, '2024-02-17 17:06:45.147630', '2024-02-17 17:06:45.147569', 5, '2024-02');
INSERT INTO vacation_token (vacation_token_id, create_date, update_date, vacation_token, vacation_token_date)
VALUES (30, '2024-02-17 17:06:45.150128', '2024-02-17 17:06:45.150071', 5, '2024-02');
INSERT INTO vacation_token (vacation_token_id, create_date, update_date, vacation_token, vacation_token_date)
VALUES (31, '2024-02-17 17:06:45.724535', '2024-02-17 17:06:45.724510', 5, '2024-02');
INSERT INTO vacation_token (vacation_token_id, create_date, update_date, vacation_token, vacation_token_date)
VALUES (32, '2024-02-17 17:06:45.726236', '2024-02-17 17:06:45.726191', 5, '2024-02');
INSERT INTO vacation_token (vacation_token_id, create_date, update_date, vacation_token, vacation_token_date)
VALUES (33, '2024-02-17 17:06:45.727454', '2024-02-17 17:06:45.727431', 5, '2024-02');
INSERT INTO vacation_token (vacation_token_id, create_date, update_date, vacation_token, vacation_token_date)
VALUES (34, '2024-02-17 17:06:45.728466', '2024-02-17 17:06:45.728445', 5, '2024-02');
INSERT INTO vacation_token (vacation_token_id, create_date, update_date, vacation_token, vacation_token_date)
VALUES (35, '2024-02-17 17:06:45.729470', '2024-02-17 17:06:45.729448', 5, '2024-02');
INSERT INTO vacation_token (vacation_token_id, create_date, update_date, vacation_token, vacation_token_date)
VALUES (36, '2024-02-17 17:06:45.730439', '2024-02-17 17:06:45.730418', 5, '2024-02');
INSERT INTO vacation_token (vacation_token_id, create_date, update_date, vacation_token, vacation_token_date)
VALUES (37, '2024-02-17 17:06:45.731623', '2024-02-17 17:06:45.731598', 5, '2024-02');
INSERT INTO vacation_token (vacation_token_id, create_date, update_date, vacation_token, vacation_token_date)
VALUES (38, '2024-02-17 17:06:45.732766', '2024-02-17 17:06:45.732743', 5, '2024-02');
INSERT INTO vacation_token (vacation_token_id, create_date, update_date, vacation_token, vacation_token_date)
VALUES (39, '2024-02-17 17:06:45.733942', '2024-02-17 17:06:45.733912', 5, '2024-02');
INSERT INTO vacation_token (vacation_token_id, create_date, update_date, vacation_token, vacation_token_date)
VALUES (40, '2024-02-17 17:06:45.735028', '2024-02-17 17:06:45.735006', 5, '2024-02');
INSERT INTO vacation_token (vacation_token_id, create_date, update_date, vacation_token, vacation_token_date)
VALUES (41, '2024-02-17 17:06:45.735999', '2024-02-17 17:06:45.735974', 5, '2024-02');
INSERT INTO vacation_token (vacation_token_id, create_date, update_date, vacation_token, vacation_token_date)
VALUES (42, '2024-02-17 17:06:45.736961', '2024-02-17 17:06:45.736936', 5, '2024-02');
INSERT INTO vacation_token (vacation_token_id, create_date, update_date, vacation_token, vacation_token_date)
VALUES (43, '2024-02-17 17:06:45.737987', '2024-02-17 17:06:45.737958', 5, '2024-02');
INSERT INTO vacation_token (vacation_token_id, create_date, update_date, vacation_token, vacation_token_date)
VALUES (44, '2024-02-17 17:06:45.739053', '2024-02-17 17:06:45.739031', 5, '2024-02');
INSERT INTO vacation_token (vacation_token_id, create_date, update_date, vacation_token, vacation_token_date)
VALUES (45, '2024-02-17 17:06:45.740051', '2024-02-17 17:06:45.740032', 5, '2024-02');
INSERT INTO vacation_token (vacation_token_id, create_date, update_date, vacation_token, vacation_token_date)
VALUES (46, '2024-02-17 17:06:45.740982', '2024-02-17 17:06:45.740964', 5, '2024-02');
INSERT INTO vacation_token (vacation_token_id, create_date, update_date, vacation_token, vacation_token_date)
VALUES (47, '2024-02-17 17:06:45.742003', '2024-02-17 17:06:45.741980', 5, '2024-02');
INSERT INTO vacation_token (vacation_token_id, create_date, update_date, vacation_token, vacation_token_date)
VALUES (48, '2024-02-17 17:06:45.742979', '2024-02-17 17:06:45.742958', 5, '2024-02');
INSERT INTO vacation_token (vacation_token_id, create_date, update_date, vacation_token, vacation_token_date)
VALUES (49, '2024-02-17 17:06:45.743870', '2024-02-17 17:06:45.743853', 5, '2024-02');
INSERT INTO vacation_token (vacation_token_id, create_date, update_date, vacation_token, vacation_token_date)
VALUES (50, '2024-02-17 17:06:45.744767', '2024-02-17 17:06:45.744745', 5, '2024-02');
INSERT INTO vacation_token (vacation_token_id, create_date, update_date, vacation_token, vacation_token_date)
VALUES (51, '2024-02-17 17:06:45.947954', '2024-02-17 17:06:45.947924', 5, '2024-02');
INSERT INTO vacation_token (vacation_token_id, create_date, update_date, vacation_token, vacation_token_date)
VALUES (52, '2024-02-17 17:06:45.948871', '2024-02-17 17:06:45.948849', 5, '2024-02');
INSERT INTO vacation_token (vacation_token_id, create_date, update_date, vacation_token, vacation_token_date)
VALUES (53, '2024-02-17 17:06:45.949748', '2024-02-17 17:06:45.949730', 5, '2024-02');
INSERT INTO vacation_token (vacation_token_id, create_date, update_date, vacation_token, vacation_token_date)
VALUES (54, '2024-02-17 17:06:45.950589', '2024-02-17 17:06:45.950567', 5, '2024-02');
INSERT INTO vacation_token (vacation_token_id, create_date, update_date, vacation_token, vacation_token_date)
VALUES (55, '2024-02-17 17:06:45.951504', '2024-02-17 17:06:45.951483', 5, '2024-02');
INSERT INTO vacation_token (vacation_token_id, create_date, update_date, vacation_token, vacation_token_date)
VALUES (56, '2024-02-17 17:06:45.952406', '2024-02-17 17:06:45.952389', 5, '2024-02');
INSERT INTO vacation_token (vacation_token_id, create_date, update_date, vacation_token, vacation_token_date)
VALUES (57, '2024-02-17 17:06:45.953271', '2024-02-17 17:06:45.953247', 5, '2024-02');
INSERT INTO vacation_token (vacation_token_id, create_date, update_date, vacation_token, vacation_token_date)
VALUES (58, '2024-02-17 17:06:45.954125', '2024-02-17 17:06:45.954107', 5, '2024-02');
INSERT INTO vacation_token (vacation_token_id, create_date, update_date, vacation_token, vacation_token_date)
VALUES (59, '2024-02-17 17:06:45.955060', '2024-02-17 17:06:45.955040', 5, '2024-02');
INSERT INTO vacation_token (vacation_token_id, create_date, update_date, vacation_token, vacation_token_date)
VALUES (60, '2024-02-17 17:06:45.955937', '2024-02-17 17:06:45.955919', 5, '2024-02');
INSERT INTO vacation_token (vacation_token_id, create_date, update_date, vacation_token, vacation_token_date)
VALUES (61, '2024-02-17 17:06:45.956809', '2024-02-17 17:06:45.956789', 5, '2024-02');
INSERT INTO vacation_token (vacation_token_id, create_date, update_date, vacation_token, vacation_token_date)
VALUES (62, '2024-02-17 17:06:45.957613', '2024-02-17 17:06:45.957597', 5, '2024-02');
INSERT INTO vacation_token (vacation_token_id, create_date, update_date, vacation_token, vacation_token_date)
VALUES (63, '2024-02-17 17:06:45.958411', '2024-02-17 17:06:45.958396', 5, '2024-02');
INSERT INTO vacation_token (vacation_token_id, create_date, update_date, vacation_token, vacation_token_date)
VALUES (64, '2024-02-17 17:06:45.959287', '2024-02-17 17:06:45.959264', 5, '2024-02');
INSERT INTO vacation_token (vacation_token_id, create_date, update_date, vacation_token, vacation_token_date)
VALUES (65, '2024-02-17 17:06:45.960471', '2024-02-17 17:06:45.960451', 5, '2024-02');
INSERT INTO vacation_token (vacation_token_id, create_date, update_date, vacation_token, vacation_token_date)
VALUES (66, '2024-02-17 17:06:45.961327', '2024-02-17 17:06:45.961311', 5, '2024-02');
INSERT INTO vacation_token (vacation_token_id, create_date, update_date, vacation_token, vacation_token_date)
VALUES (67, '2024-02-17 17:06:45.962119', '2024-02-17 17:06:45.962104', 5, '2024-02');
INSERT INTO vacation_token (vacation_token_id, create_date, update_date, vacation_token, vacation_token_date)
VALUES (68, '2024-02-17 17:06:45.963043', '2024-02-17 17:06:45.963026', 5, '2024-02');
INSERT INTO vacation_token (vacation_token_id, create_date, update_date, vacation_token, vacation_token_date)
VALUES (69, '2024-02-17 17:06:45.963885', '2024-02-17 17:06:45.963868', 5, '2024-02');
INSERT INTO vacation_token (vacation_token_id, create_date, update_date, vacation_token, vacation_token_date)
VALUES (70, '2024-02-17 17:06:45.964690', '2024-02-17 17:06:45.964675', 5, '2024-02');
INSERT INTO vacation_token (vacation_token_id, create_date, update_date, vacation_token, vacation_token_date)
VALUES (71, '2024-02-17 17:06:45.965441', '2024-02-17 17:06:45.965423', 5, '2024-02');
INSERT INTO vacation_token (vacation_token_id, create_date, update_date, vacation_token, vacation_token_date)
VALUES (72, '2024-02-17 17:06:45.966230', '2024-02-17 17:06:45.966214', 5, '2024-02');
INSERT INTO vacation_token (vacation_token_id, create_date, update_date, vacation_token, vacation_token_date)
VALUES (73, '2024-02-17 17:06:45.967000', '2024-02-17 17:06:45.966984', 5, '2024-02');
INSERT INTO vacation_token (vacation_token_id, create_date, update_date, vacation_token, vacation_token_date)
VALUES (74, '2024-02-17 17:06:45.967812', '2024-02-17 17:06:45.967797', 5, '2024-02');
INSERT INTO vacation_token (vacation_token_id, create_date, update_date, vacation_token, vacation_token_date)
VALUES (75, '2024-02-17 17:06:45.968731', '2024-02-17 17:06:45.968713', 5, '2024-02');
INSERT INTO vacation_token (vacation_token_id, create_date, update_date, vacation_token, vacation_token_date)
VALUES (76, '2024-02-17 17:06:45.969557', '2024-02-17 17:06:45.969540', 5, '2024-02');
INSERT INTO vacation_token (vacation_token_id, create_date, update_date, vacation_token, vacation_token_date)
VALUES (77, '2024-02-17 17:06:45.970340', '2024-02-17 17:06:45.970324', 5, '2024-02');
INSERT INTO vacation_token (vacation_token_id, create_date, update_date, vacation_token, vacation_token_date)
VALUES (78, '2024-02-17 17:06:45.971196', '2024-02-17 17:06:45.971178', 5, '2024-02');
INSERT INTO vacation_token (vacation_token_id, create_date, update_date, vacation_token, vacation_token_date)
VALUES (79, '2024-02-17 17:06:45.971991', '2024-02-17 17:06:45.971975', 5, '2024-02');
INSERT INTO vacation_token (vacation_token_id, create_date, update_date, vacation_token, vacation_token_date)
VALUES (80, '2024-02-17 17:06:45.972796', '2024-02-17 17:06:45.972776', 5, '2024-02');
INSERT INTO vacation_token (vacation_token_id, create_date, update_date, vacation_token, vacation_token_date)
VALUES (81, '2024-02-17 17:06:46.247731', '2024-02-17 17:06:46.247709', 5, '2024-02');
INSERT INTO vacation_token (vacation_token_id, create_date, update_date, vacation_token, vacation_token_date)
VALUES (82, '2024-02-17 17:06:46.248554', '2024-02-17 17:06:46.248539', 5, '2024-02');
INSERT INTO vacation_token (vacation_token_id, create_date, update_date, vacation_token, vacation_token_date)
VALUES (83, '2024-02-17 17:06:46.249288', '2024-02-17 17:06:46.249274', 5, '2024-02');
INSERT INTO vacation_token (vacation_token_id, create_date, update_date, vacation_token, vacation_token_date)
VALUES (84, '2024-02-17 17:06:46.249997', '2024-02-17 17:06:46.249983', 5, '2024-02');
INSERT INTO vacation_token (vacation_token_id, create_date, update_date, vacation_token, vacation_token_date)
VALUES (85, '2024-02-17 17:06:46.251001', '2024-02-17 17:06:46.250976', 5, '2024-02');
INSERT INTO vacation_token (vacation_token_id, create_date, update_date, vacation_token, vacation_token_date)
VALUES (86, '2024-02-17 17:06:46.251873', '2024-02-17 17:06:46.251849', 5, '2024-02');
INSERT INTO vacation_token (vacation_token_id, create_date, update_date, vacation_token, vacation_token_date)
VALUES (87, '2024-02-17 17:06:46.252696', '2024-02-17 17:06:46.252682', 5, '2024-02');
INSERT INTO vacation_token (vacation_token_id, create_date, update_date, vacation_token, vacation_token_date)
VALUES (88, '2024-02-17 17:06:46.253479', '2024-02-17 17:06:46.253464', 5, '2024-02');
INSERT INTO vacation_token (vacation_token_id, create_date, update_date, vacation_token, vacation_token_date)
VALUES (89, '2024-02-17 17:06:46.254259', '2024-02-17 17:06:46.254244', 5, '2024-02');
INSERT INTO vacation_token (vacation_token_id, create_date, update_date, vacation_token, vacation_token_date)
VALUES (90, '2024-02-17 17:06:46.254969', '2024-02-17 17:06:46.254950', 5, '2024-02');
INSERT INTO vacation_token (vacation_token_id, create_date, update_date, vacation_token, vacation_token_date)
VALUES (91, '2024-02-17 17:06:46.341993', '2024-02-17 17:06:46.341975', 5, '2024-02');
INSERT INTO vacation_token (vacation_token_id, create_date, update_date, vacation_token, vacation_token_date)
VALUES (92, '2024-02-17 17:06:46.342730', '2024-02-17 17:06:46.342716', 5, '2024-02');
INSERT INTO vacation_token (vacation_token_id, create_date, update_date, vacation_token, vacation_token_date)
VALUES (93, '2024-02-17 17:06:46.343483', '2024-02-17 17:06:46.343469', 5, '2024-02');
INSERT INTO vacation_token (vacation_token_id, create_date, update_date, vacation_token, vacation_token_date)
VALUES (94, '2024-02-17 17:06:46.344329', '2024-02-17 17:06:46.344311', 5, '2024-02');
INSERT INTO vacation_token (vacation_token_id, create_date, update_date, vacation_token, vacation_token_date)
VALUES (95, '2024-02-17 17:06:46.345093', '2024-02-17 17:06:46.345080', 5, '2024-02');
INSERT INTO vacation_token (vacation_token_id, create_date, update_date, vacation_token, vacation_token_date)
VALUES (96, '2024-02-17 17:06:46.345935', '2024-02-17 17:06:46.345920', 5, '2024-02');
INSERT INTO vacation_token (vacation_token_id, create_date, update_date, vacation_token, vacation_token_date)
VALUES (97, '2024-02-17 17:06:46.346759', '2024-02-17 17:06:46.346741', 5, '2024-02');
INSERT INTO vacation_token (vacation_token_id, create_date, update_date, vacation_token, vacation_token_date)
VALUES (98, '2024-02-17 17:06:46.347653', '2024-02-17 17:06:46.347636', 5, '2024-02');
INSERT INTO vacation_token (vacation_token_id, create_date, update_date, vacation_token, vacation_token_date)
VALUES (99, '2024-02-17 17:06:46.348383', '2024-02-17 17:06:46.348363', 5, '2024-02');
INSERT INTO vacation_token (vacation_token_id, create_date, update_date, vacation_token, vacation_token_date)
VALUES (100, '2024-02-17 17:06:46.349179', '2024-02-17 17:06:46.349165', 5, '2024-02');

-- attendance_week_date
INSERT INTO attendance_week_date (attendance_week_date_id, create_date, update_date, friday, monday, monday_date,
                                  saturday, sunday, sunday_date, thursday, tuesday, wednesday)
VALUES (1, '2024-02-17 17:06:45.038902', '2024-02-17 17:06:45.036973', 'UNDECIDED', 'UNDECIDED', '2024-02-12',
        'UNDECIDED', 'UNDECIDED', '2024-02-18', 'UNDECIDED', 'UNDECIDED', 'UNDECIDED');
INSERT INTO attendance_week_date (attendance_week_date_id, create_date, update_date, friday, monday, monday_date,
                                  saturday, sunday, sunday_date, thursday, tuesday, wednesday)
VALUES (2, '2024-02-17 17:06:45.048128', '2024-02-17 17:06:45.047964', 'UNDECIDED', 'UNDECIDED', '2024-02-12',
        'UNDECIDED', 'UNDECIDED', '2024-02-18', 'UNDECIDED', 'UNDECIDED', 'UNDECIDED');
INSERT INTO attendance_week_date (attendance_week_date_id, create_date, update_date, friday, monday, monday_date,
                                  saturday, sunday, sunday_date, thursday, tuesday, wednesday)
VALUES (3, '2024-02-17 17:06:45.051945', '2024-02-17 17:06:45.051799', 'UNDECIDED', 'UNDECIDED', '2024-02-12',
        'UNDECIDED', 'UNDECIDED', '2024-02-18', 'UNDECIDED', 'UNDECIDED', 'UNDECIDED');
INSERT INTO attendance_week_date (attendance_week_date_id, create_date, update_date, friday, monday, monday_date,
                                  saturday, sunday, sunday_date, thursday, tuesday, wednesday)
VALUES (4, '2024-02-17 17:06:45.055659', '2024-02-17 17:06:45.055518', 'UNDECIDED', 'UNDECIDED', '2024-02-12',
        'UNDECIDED', 'UNDECIDED', '2024-02-18', 'UNDECIDED', 'UNDECIDED', 'UNDECIDED');
INSERT INTO attendance_week_date (attendance_week_date_id, create_date, update_date, friday, monday, monday_date,
                                  saturday, sunday, sunday_date, thursday, tuesday, wednesday)
VALUES (5, '2024-02-17 17:06:45.060620', '2024-02-17 17:06:45.060487', 'UNDECIDED', 'UNDECIDED', '2024-02-12',
        'UNDECIDED', 'UNDECIDED', '2024-02-18', 'UNDECIDED', 'UNDECIDED', 'UNDECIDED');
INSERT INTO attendance_week_date (attendance_week_date_id, create_date, update_date, friday, monday, monday_date,
                                  saturday, sunday, sunday_date, thursday, tuesday, wednesday)
VALUES (6, '2024-02-17 17:06:45.065403', '2024-02-17 17:06:45.065285', 'UNDECIDED', 'UNDECIDED', '2024-02-12',
        'UNDECIDED', 'UNDECIDED', '2024-02-18', 'UNDECIDED', 'UNDECIDED', 'UNDECIDED');
INSERT INTO attendance_week_date (attendance_week_date_id, create_date, update_date, friday, monday, monday_date,
                                  saturday, sunday, sunday_date, thursday, tuesday, wednesday)
VALUES (7, '2024-02-17 17:06:45.068926', '2024-02-17 17:06:45.068792', 'UNDECIDED', 'UNDECIDED', '2024-02-12',
        'UNDECIDED', 'UNDECIDED', '2024-02-18', 'UNDECIDED', 'UNDECIDED', 'UNDECIDED');
INSERT INTO attendance_week_date (attendance_week_date_id, create_date, update_date, friday, monday, monday_date,
                                  saturday, sunday, sunday_date, thursday, tuesday, wednesday)
VALUES (8, '2024-02-17 17:06:45.072523', '2024-02-17 17:06:45.072384', 'UNDECIDED', 'UNDECIDED', '2024-02-12',
        'UNDECIDED', 'UNDECIDED', '2024-02-18', 'UNDECIDED', 'UNDECIDED', 'UNDECIDED');
INSERT INTO attendance_week_date (attendance_week_date_id, create_date, update_date, friday, monday, monday_date,
                                  saturday, sunday, sunday_date, thursday, tuesday, wednesday)
VALUES (9, '2024-02-17 17:06:45.076949', '2024-02-17 17:06:45.076809', 'UNDECIDED', 'UNDECIDED', '2024-02-12',
        'UNDECIDED', 'UNDECIDED', '2024-02-18', 'UNDECIDED', 'UNDECIDED', 'UNDECIDED');
INSERT INTO attendance_week_date (attendance_week_date_id, create_date, update_date, friday, monday, monday_date,
                                  saturday, sunday, sunday_date, thursday, tuesday, wednesday)
VALUES (10, '2024-02-17 17:06:45.080330', '2024-02-17 17:06:45.080152', 'UNDECIDED', 'UNDECIDED', '2024-02-12',
        'UNDECIDED', 'UNDECIDED', '2024-02-18', 'UNDECIDED', 'UNDECIDED', 'UNDECIDED');
INSERT INTO attendance_week_date (attendance_week_date_id, create_date, update_date, friday, monday, monday_date,
                                  saturday, sunday, sunday_date, thursday, tuesday, wednesday)
VALUES (11, '2024-02-17 17:06:45.083948', '2024-02-17 17:06:45.083820', 'UNDECIDED', 'UNDECIDED', '2024-02-12',
        'UNDECIDED', 'UNDECIDED', '2024-02-18', 'UNDECIDED', 'UNDECIDED', 'UNDECIDED');
INSERT INTO attendance_week_date (attendance_week_date_id, create_date, update_date, friday, monday, monday_date,
                                  saturday, sunday, sunday_date, thursday, tuesday, wednesday)
VALUES (12, '2024-02-17 17:06:45.088198', '2024-02-17 17:06:45.088056', 'UNDECIDED', 'UNDECIDED', '2024-02-12',
        'UNDECIDED', 'UNDECIDED', '2024-02-18', 'UNDECIDED', 'UNDECIDED', 'UNDECIDED');
INSERT INTO attendance_week_date (attendance_week_date_id, create_date, update_date, friday, monday, monday_date,
                                  saturday, sunday, sunday_date, thursday, tuesday, wednesday)
VALUES (13, '2024-02-17 17:06:45.092637', '2024-02-17 17:06:45.092507', 'UNDECIDED', 'UNDECIDED', '2024-02-12',
        'UNDECIDED', 'UNDECIDED', '2024-02-18', 'UNDECIDED', 'UNDECIDED', 'UNDECIDED');
INSERT INTO attendance_week_date (attendance_week_date_id, create_date, update_date, friday, monday, monday_date,
                                  saturday, sunday, sunday_date, thursday, tuesday, wednesday)
VALUES (14, '2024-02-17 17:06:45.096799', '2024-02-17 17:06:45.096671', 'UNDECIDED', 'UNDECIDED', '2024-02-12',
        'UNDECIDED', 'UNDECIDED', '2024-02-18', 'UNDECIDED', 'UNDECIDED', 'UNDECIDED');
INSERT INTO attendance_week_date (attendance_week_date_id, create_date, update_date, friday, monday, monday_date,
                                  saturday, sunday, sunday_date, thursday, tuesday, wednesday)
VALUES (15, '2024-02-17 17:06:45.100352', '2024-02-17 17:06:45.100216', 'UNDECIDED', 'UNDECIDED', '2024-02-12',
        'UNDECIDED', 'UNDECIDED', '2024-02-18', 'UNDECIDED', 'UNDECIDED', 'UNDECIDED');
INSERT INTO attendance_week_date (attendance_week_date_id, create_date, update_date, friday, monday, monday_date,
                                  saturday, sunday, sunday_date, thursday, tuesday, wednesday)
VALUES (16, '2024-02-17 17:06:45.104827', '2024-02-17 17:06:45.104590', 'UNDECIDED', 'UNDECIDED', '2024-02-12',
        'UNDECIDED', 'UNDECIDED', '2024-02-18', 'UNDECIDED', 'UNDECIDED', 'UNDECIDED');
INSERT INTO attendance_week_date (attendance_week_date_id, create_date, update_date, friday, monday, monday_date,
                                  saturday, sunday, sunday_date, thursday, tuesday, wednesday)
VALUES (17, '2024-02-17 17:06:45.109268', '2024-02-17 17:06:45.109153', 'UNDECIDED', 'UNDECIDED', '2024-02-12',
        'UNDECIDED', 'UNDECIDED', '2024-02-18', 'UNDECIDED', 'UNDECIDED', 'UNDECIDED');
INSERT INTO attendance_week_date (attendance_week_date_id, create_date, update_date, friday, monday, monday_date,
                                  saturday, sunday, sunday_date, thursday, tuesday, wednesday)
VALUES (18, '2024-02-17 17:06:45.112597', '2024-02-17 17:06:45.112482', 'UNDECIDED', 'UNDECIDED', '2024-02-12',
        'UNDECIDED', 'UNDECIDED', '2024-02-18', 'UNDECIDED', 'UNDECIDED', 'UNDECIDED');
INSERT INTO attendance_week_date (attendance_week_date_id, create_date, update_date, friday, monday, monday_date,
                                  saturday, sunday, sunday_date, thursday, tuesday, wednesday)
VALUES (19, '2024-02-17 17:06:45.115302', '2024-02-17 17:06:45.115202', 'UNDECIDED', 'UNDECIDED', '2024-02-12',
        'UNDECIDED', 'UNDECIDED', '2024-02-18', 'UNDECIDED', 'UNDECIDED', 'UNDECIDED');
INSERT INTO attendance_week_date (attendance_week_date_id, create_date, update_date, friday, monday, monday_date,
                                  saturday, sunday, sunday_date, thursday, tuesday, wednesday)
VALUES (20, '2024-02-17 17:06:45.117999', '2024-02-17 17:06:45.117887', 'UNDECIDED', 'UNDECIDED', '2024-02-12',
        'UNDECIDED', 'UNDECIDED', '2024-02-18', 'UNDECIDED', 'UNDECIDED', 'UNDECIDED');
INSERT INTO attendance_week_date (attendance_week_date_id, create_date, update_date, friday, monday, monday_date,
                                  saturday, sunday, sunday_date, thursday, tuesday, wednesday)
VALUES (21, '2024-02-17 17:06:45.120820', '2024-02-17 17:06:45.120421', 'UNDECIDED', 'UNDECIDED', '2024-02-12',
        'UNDECIDED', 'UNDECIDED', '2024-02-18', 'UNDECIDED', 'UNDECIDED', 'UNDECIDED');
INSERT INTO attendance_week_date (attendance_week_date_id, create_date, update_date, friday, monday, monday_date,
                                  saturday, sunday, sunday_date, thursday, tuesday, wednesday)
VALUES (22, '2024-02-17 17:06:45.123675', '2024-02-17 17:06:45.123559', 'UNDECIDED', 'UNDECIDED', '2024-02-12',
        'UNDECIDED', 'UNDECIDED', '2024-02-18', 'UNDECIDED', 'UNDECIDED', 'UNDECIDED');
INSERT INTO attendance_week_date (attendance_week_date_id, create_date, update_date, friday, monday, monday_date,
                                  saturday, sunday, sunday_date, thursday, tuesday, wednesday)
VALUES (23, '2024-02-17 17:06:45.126592', '2024-02-17 17:06:45.126477', 'UNDECIDED', 'UNDECIDED', '2024-02-12',
        'UNDECIDED', 'UNDECIDED', '2024-02-18', 'UNDECIDED', 'UNDECIDED', 'UNDECIDED');
INSERT INTO attendance_week_date (attendance_week_date_id, create_date, update_date, friday, monday, monday_date,
                                  saturday, sunday, sunday_date, thursday, tuesday, wednesday)
VALUES (24, '2024-02-17 17:06:45.130732', '2024-02-17 17:06:45.130616', 'UNDECIDED', 'UNDECIDED', '2024-02-12',
        'UNDECIDED', 'UNDECIDED', '2024-02-18', 'UNDECIDED', 'UNDECIDED', 'UNDECIDED');
INSERT INTO attendance_week_date (attendance_week_date_id, create_date, update_date, friday, monday, monday_date,
                                  saturday, sunday, sunday_date, thursday, tuesday, wednesday)
VALUES (25, '2024-02-17 17:06:45.134397', '2024-02-17 17:06:45.134270', 'UNDECIDED', 'UNDECIDED', '2024-02-12',
        'UNDECIDED', 'UNDECIDED', '2024-02-18', 'UNDECIDED', 'UNDECIDED', 'UNDECIDED');
INSERT INTO attendance_week_date (attendance_week_date_id, create_date, update_date, friday, monday, monday_date,
                                  saturday, sunday, sunday_date, thursday, tuesday, wednesday)
VALUES (26, '2024-02-17 17:06:45.137637', '2024-02-17 17:06:45.137513', 'UNDECIDED', 'UNDECIDED', '2024-02-12',
        'UNDECIDED', 'UNDECIDED', '2024-02-18', 'UNDECIDED', 'UNDECIDED', 'UNDECIDED');
INSERT INTO attendance_week_date (attendance_week_date_id, create_date, update_date, friday, monday, monday_date,
                                  saturday, sunday, sunday_date, thursday, tuesday, wednesday)
VALUES (27, '2024-02-17 17:06:45.140439', '2024-02-17 17:06:45.140334', 'UNDECIDED', 'UNDECIDED', '2024-02-12',
        'UNDECIDED', 'UNDECIDED', '2024-02-18', 'UNDECIDED', 'UNDECIDED', 'UNDECIDED');
INSERT INTO attendance_week_date (attendance_week_date_id, create_date, update_date, friday, monday, monday_date,
                                  saturday, sunday, sunday_date, thursday, tuesday, wednesday)
VALUES (28, '2024-02-17 17:06:45.143881', '2024-02-17 17:06:45.143755', 'UNDECIDED', 'UNDECIDED', '2024-02-12',
        'UNDECIDED', 'UNDECIDED', '2024-02-18', 'UNDECIDED', 'UNDECIDED', 'UNDECIDED');
INSERT INTO attendance_week_date (attendance_week_date_id, create_date, update_date, friday, monday, monday_date,
                                  saturday, sunday, sunday_date, thursday, tuesday, wednesday)
VALUES (29, '2024-02-17 17:06:45.147109', '2024-02-17 17:06:45.147000', 'UNDECIDED', 'UNDECIDED', '2024-02-12',
        'UNDECIDED', 'UNDECIDED', '2024-02-18', 'UNDECIDED', 'UNDECIDED', 'UNDECIDED');
INSERT INTO attendance_week_date (attendance_week_date_id, create_date, update_date, friday, monday, monday_date,
                                  saturday, sunday, sunday_date, thursday, tuesday, wednesday)
VALUES (30, '2024-02-17 17:06:45.149642', '2024-02-17 17:06:45.149556', 'UNDECIDED', 'UNDECIDED', '2024-02-12',
        'UNDECIDED', 'UNDECIDED', '2024-02-18', 'UNDECIDED', 'UNDECIDED', 'UNDECIDED');
INSERT INTO attendance_week_date (attendance_week_date_id, create_date, update_date, friday, monday, monday_date,
                                  saturday, sunday, sunday_date, thursday, tuesday, wednesday)
VALUES (31, '2024-02-17 17:06:45.724351', '2024-02-17 17:06:45.724254', 'UNDECIDED', 'UNDECIDED', '2024-02-12',
        'UNDECIDED', 'UNDECIDED', '2024-02-18', 'UNDECIDED', 'UNDECIDED', 'UNDECIDED');
INSERT INTO attendance_week_date (attendance_week_date_id, create_date, update_date, friday, monday, monday_date,
                                  saturday, sunday, sunday_date, thursday, tuesday, wednesday)
VALUES (32, '2024-02-17 17:06:45.725989', '2024-02-17 17:06:45.725899', 'UNDECIDED', 'UNDECIDED', '2024-02-12',
        'UNDECIDED', 'UNDECIDED', '2024-02-18', 'UNDECIDED', 'UNDECIDED', 'UNDECIDED');
INSERT INTO attendance_week_date (attendance_week_date_id, create_date, update_date, friday, monday, monday_date,
                                  saturday, sunday, sunday_date, thursday, tuesday, wednesday)
VALUES (33, '2024-02-17 17:06:45.727257', '2024-02-17 17:06:45.727175', 'UNDECIDED', 'UNDECIDED', '2024-02-12',
        'UNDECIDED', 'UNDECIDED', '2024-02-18', 'UNDECIDED', 'UNDECIDED', 'UNDECIDED');
INSERT INTO attendance_week_date (attendance_week_date_id, create_date, update_date, friday, monday, monday_date,
                                  saturday, sunday, sunday_date, thursday, tuesday, wednesday)
VALUES (34, '2024-02-17 17:06:45.728291', '2024-02-17 17:06:45.728230', 'UNDECIDED', 'UNDECIDED', '2024-02-12',
        'UNDECIDED', 'UNDECIDED', '2024-02-18', 'UNDECIDED', 'UNDECIDED', 'UNDECIDED');
INSERT INTO attendance_week_date (attendance_week_date_id, create_date, update_date, friday, monday, monday_date,
                                  saturday, sunday, sunday_date, thursday, tuesday, wednesday)
VALUES (35, '2024-02-17 17:06:45.729280', '2024-02-17 17:06:45.729219', 'UNDECIDED', 'UNDECIDED', '2024-02-12',
        'UNDECIDED', 'UNDECIDED', '2024-02-18', 'UNDECIDED', 'UNDECIDED', 'UNDECIDED');
INSERT INTO attendance_week_date (attendance_week_date_id, create_date, update_date, friday, monday, monday_date,
                                  saturday, sunday, sunday_date, thursday, tuesday, wednesday)
VALUES (36, '2024-02-17 17:06:45.730278', '2024-02-17 17:06:45.730234', 'UNDECIDED', 'UNDECIDED', '2024-02-12',
        'UNDECIDED', 'UNDECIDED', '2024-02-18', 'UNDECIDED', 'UNDECIDED', 'UNDECIDED');
INSERT INTO attendance_week_date (attendance_week_date_id, create_date, update_date, friday, monday, monday_date,
                                  saturday, sunday, sunday_date, thursday, tuesday, wednesday)
VALUES (37, '2024-02-17 17:06:45.731412', '2024-02-17 17:06:45.731351', 'UNDECIDED', 'UNDECIDED', '2024-02-12',
        'UNDECIDED', 'UNDECIDED', '2024-02-18', 'UNDECIDED', 'UNDECIDED', 'UNDECIDED');
INSERT INTO attendance_week_date (attendance_week_date_id, create_date, update_date, friday, monday, monday_date,
                                  saturday, sunday, sunday_date, thursday, tuesday, wednesday)
VALUES (38, '2024-02-17 17:06:45.732598', '2024-02-17 17:06:45.732545', 'UNDECIDED', 'UNDECIDED', '2024-02-12',
        'UNDECIDED', 'UNDECIDED', '2024-02-18', 'UNDECIDED', 'UNDECIDED', 'UNDECIDED');
INSERT INTO attendance_week_date (attendance_week_date_id, create_date, update_date, friday, monday, monday_date,
                                  saturday, sunday, sunday_date, thursday, tuesday, wednesday)
VALUES (39, '2024-02-17 17:06:45.733741', '2024-02-17 17:06:45.733658', 'UNDECIDED', 'UNDECIDED', '2024-02-12',
        'UNDECIDED', 'UNDECIDED', '2024-02-18', 'UNDECIDED', 'UNDECIDED', 'UNDECIDED');
INSERT INTO attendance_week_date (attendance_week_date_id, create_date, update_date, friday, monday, monday_date,
                                  saturday, sunday, sunday_date, thursday, tuesday, wednesday)
VALUES (40, '2024-02-17 17:06:45.734857', '2024-02-17 17:06:45.734807', 'UNDECIDED', 'UNDECIDED', '2024-02-12',
        'UNDECIDED', 'UNDECIDED', '2024-02-18', 'UNDECIDED', 'UNDECIDED', 'UNDECIDED');
INSERT INTO attendance_week_date (attendance_week_date_id, create_date, update_date, friday, monday, monday_date,
                                  saturday, sunday, sunday_date, thursday, tuesday, wednesday)
VALUES (41, '2024-02-17 17:06:45.735798', '2024-02-17 17:06:45.735743', 'UNDECIDED', 'UNDECIDED', '2024-02-12',
        'UNDECIDED', 'UNDECIDED', '2024-02-18', 'UNDECIDED', 'UNDECIDED', 'UNDECIDED');
INSERT INTO attendance_week_date (attendance_week_date_id, create_date, update_date, friday, monday, monday_date,
                                  saturday, sunday, sunday_date, thursday, tuesday, wednesday)
VALUES (42, '2024-02-17 17:06:45.736802', '2024-02-17 17:06:45.736746', 'UNDECIDED', 'UNDECIDED', '2024-02-12',
        'UNDECIDED', 'UNDECIDED', '2024-02-18', 'UNDECIDED', 'UNDECIDED', 'UNDECIDED');
INSERT INTO attendance_week_date (attendance_week_date_id, create_date, update_date, friday, monday, monday_date,
                                  saturday, sunday, sunday_date, thursday, tuesday, wednesday)
VALUES (43, '2024-02-17 17:06:45.737811', '2024-02-17 17:06:45.737763', 'UNDECIDED', 'UNDECIDED', '2024-02-12',
        'UNDECIDED', 'UNDECIDED', '2024-02-18', 'UNDECIDED', 'UNDECIDED', 'UNDECIDED');
INSERT INTO attendance_week_date (attendance_week_date_id, create_date, update_date, friday, monday, monday_date,
                                  saturday, sunday, sunday_date, thursday, tuesday, wednesday)
VALUES (44, '2024-02-17 17:06:45.738860', '2024-02-17 17:06:45.738798', 'UNDECIDED', 'UNDECIDED', '2024-02-12',
        'UNDECIDED', 'UNDECIDED', '2024-02-18', 'UNDECIDED', 'UNDECIDED', 'UNDECIDED');
INSERT INTO attendance_week_date (attendance_week_date_id, create_date, update_date, friday, monday, monday_date,
                                  saturday, sunday, sunday_date, thursday, tuesday, wednesday)
VALUES (45, '2024-02-17 17:06:45.739880', '2024-02-17 17:06:45.739822', 'UNDECIDED', 'UNDECIDED', '2024-02-12',
        'UNDECIDED', 'UNDECIDED', '2024-02-18', 'UNDECIDED', 'UNDECIDED', 'UNDECIDED');
INSERT INTO attendance_week_date (attendance_week_date_id, create_date, update_date, friday, monday, monday_date,
                                  saturday, sunday, sunday_date, thursday, tuesday, wednesday)
VALUES (46, '2024-02-17 17:06:45.740824', '2024-02-17 17:06:45.740780', 'UNDECIDED', 'UNDECIDED', '2024-02-12',
        'UNDECIDED', 'UNDECIDED', '2024-02-18', 'UNDECIDED', 'UNDECIDED', 'UNDECIDED');
INSERT INTO attendance_week_date (attendance_week_date_id, create_date, update_date, friday, monday, monday_date,
                                  saturday, sunday, sunday_date, thursday, tuesday, wednesday)
VALUES (47, '2024-02-17 17:06:45.741853', '2024-02-17 17:06:45.741812', 'UNDECIDED', 'UNDECIDED', '2024-02-12',
        'UNDECIDED', 'UNDECIDED', '2024-02-18', 'UNDECIDED', 'UNDECIDED', 'UNDECIDED');
INSERT INTO attendance_week_date (attendance_week_date_id, create_date, update_date, friday, monday, monday_date,
                                  saturday, sunday, sunday_date, thursday, tuesday, wednesday)
VALUES (48, '2024-02-17 17:06:45.742823', '2024-02-17 17:06:45.742780', 'UNDECIDED', 'UNDECIDED', '2024-02-12',
        'UNDECIDED', 'UNDECIDED', '2024-02-18', 'UNDECIDED', 'UNDECIDED', 'UNDECIDED');
INSERT INTO attendance_week_date (attendance_week_date_id, create_date, update_date, friday, monday, monday_date,
                                  saturday, sunday, sunday_date, thursday, tuesday, wednesday)
VALUES (49, '2024-02-17 17:06:45.743723', '2024-02-17 17:06:45.743681', 'UNDECIDED', 'UNDECIDED', '2024-02-12',
        'UNDECIDED', 'UNDECIDED', '2024-02-18', 'UNDECIDED', 'UNDECIDED', 'UNDECIDED');
INSERT INTO attendance_week_date (attendance_week_date_id, create_date, update_date, friday, monday, monday_date,
                                  saturday, sunday, sunday_date, thursday, tuesday, wednesday)
VALUES (50, '2024-02-17 17:06:45.744604', '2024-02-17 17:06:45.744567', 'UNDECIDED', 'UNDECIDED', '2024-02-12',
        'UNDECIDED', 'UNDECIDED', '2024-02-18', 'UNDECIDED', 'UNDECIDED', 'UNDECIDED');
INSERT INTO attendance_week_date (attendance_week_date_id, create_date, update_date, friday, monday, monday_date,
                                  saturday, sunday, sunday_date, thursday, tuesday, wednesday)
VALUES (51, '2024-02-17 17:06:45.947777', '2024-02-17 17:06:45.947694', 'UNDECIDED', 'UNDECIDED', '2024-02-12',
        'UNDECIDED', 'UNDECIDED', '2024-02-18', 'UNDECIDED', 'UNDECIDED', 'UNDECIDED');
INSERT INTO attendance_week_date (attendance_week_date_id, create_date, update_date, friday, monday, monday_date,
                                  saturday, sunday, sunday_date, thursday, tuesday, wednesday)
VALUES (52, '2024-02-17 17:06:45.948706', '2024-02-17 17:06:45.948654', 'UNDECIDED', 'UNDECIDED', '2024-02-12',
        'UNDECIDED', 'UNDECIDED', '2024-02-18', 'UNDECIDED', 'UNDECIDED', 'UNDECIDED');
INSERT INTO attendance_week_date (attendance_week_date_id, create_date, update_date, friday, monday, monday_date,
                                  saturday, sunday, sunday_date, thursday, tuesday, wednesday)
VALUES (53, '2024-02-17 17:06:45.949602', '2024-02-17 17:06:45.949555', 'UNDECIDED', 'UNDECIDED', '2024-02-12',
        'UNDECIDED', 'UNDECIDED', '2024-02-18', 'UNDECIDED', 'UNDECIDED', 'UNDECIDED');
INSERT INTO attendance_week_date (attendance_week_date_id, create_date, update_date, friday, monday, monday_date,
                                  saturday, sunday, sunday_date, thursday, tuesday, wednesday)
VALUES (54, '2024-02-17 17:06:45.950436', '2024-02-17 17:06:45.950398', 'UNDECIDED', 'UNDECIDED', '2024-02-12',
        'UNDECIDED', 'UNDECIDED', '2024-02-18', 'UNDECIDED', 'UNDECIDED', 'UNDECIDED');
INSERT INTO attendance_week_date (attendance_week_date_id, create_date, update_date, friday, monday, monday_date,
                                  saturday, sunday, sunday_date, thursday, tuesday, wednesday)
VALUES (55, '2024-02-17 17:06:45.951339', '2024-02-17 17:06:45.951288', 'UNDECIDED', 'UNDECIDED', '2024-02-12',
        'UNDECIDED', 'UNDECIDED', '2024-02-18', 'UNDECIDED', 'UNDECIDED', 'UNDECIDED');
INSERT INTO attendance_week_date (attendance_week_date_id, create_date, update_date, friday, monday, monday_date,
                                  saturday, sunday, sunday_date, thursday, tuesday, wednesday)
VALUES (56, '2024-02-17 17:06:45.952263', '2024-02-17 17:06:45.952222', 'UNDECIDED', 'UNDECIDED', '2024-02-12',
        'UNDECIDED', 'UNDECIDED', '2024-02-18', 'UNDECIDED', 'UNDECIDED', 'UNDECIDED');
INSERT INTO attendance_week_date (attendance_week_date_id, create_date, update_date, friday, monday, monday_date,
                                  saturday, sunday, sunday_date, thursday, tuesday, wednesday)
VALUES (57, '2024-02-17 17:06:45.953097', '2024-02-17 17:06:45.953049', 'UNDECIDED', 'UNDECIDED', '2024-02-12',
        'UNDECIDED', 'UNDECIDED', '2024-02-18', 'UNDECIDED', 'UNDECIDED', 'UNDECIDED');
INSERT INTO attendance_week_date (attendance_week_date_id, create_date, update_date, friday, monday, monday_date,
                                  saturday, sunday, sunday_date, thursday, tuesday, wednesday)
VALUES (58, '2024-02-17 17:06:45.953973', '2024-02-17 17:06:45.953928', 'UNDECIDED', 'UNDECIDED', '2024-02-12',
        'UNDECIDED', 'UNDECIDED', '2024-02-18', 'UNDECIDED', 'UNDECIDED', 'UNDECIDED');
INSERT INTO attendance_week_date (attendance_week_date_id, create_date, update_date, friday, monday, monday_date,
                                  saturday, sunday, sunday_date, thursday, tuesday, wednesday)
VALUES (59, '2024-02-17 17:06:45.954884', '2024-02-17 17:06:45.954847', 'UNDECIDED', 'UNDECIDED', '2024-02-12',
        'UNDECIDED', 'UNDECIDED', '2024-02-18', 'UNDECIDED', 'UNDECIDED', 'UNDECIDED');
INSERT INTO attendance_week_date (attendance_week_date_id, create_date, update_date, friday, monday, monday_date,
                                  saturday, sunday, sunday_date, thursday, tuesday, wednesday)
VALUES (60, '2024-02-17 17:06:45.955789', '2024-02-17 17:06:45.955735', 'UNDECIDED', 'UNDECIDED', '2024-02-12',
        'UNDECIDED', 'UNDECIDED', '2024-02-18', 'UNDECIDED', 'UNDECIDED', 'UNDECIDED');
INSERT INTO attendance_week_date (attendance_week_date_id, create_date, update_date, friday, monday, monday_date,
                                  saturday, sunday, sunday_date, thursday, tuesday, wednesday)
VALUES (61, '2024-02-17 17:06:45.956652', '2024-02-17 17:06:45.956607', 'UNDECIDED', 'UNDECIDED', '2024-02-12',
        'UNDECIDED', 'UNDECIDED', '2024-02-18', 'UNDECIDED', 'UNDECIDED', 'UNDECIDED');
INSERT INTO attendance_week_date (attendance_week_date_id, create_date, update_date, friday, monday, monday_date,
                                  saturday, sunday, sunday_date, thursday, tuesday, wednesday)
VALUES (62, '2024-02-17 17:06:45.957456', '2024-02-17 17:06:45.957422', 'UNDECIDED', 'UNDECIDED', '2024-02-12',
        'UNDECIDED', 'UNDECIDED', '2024-02-18', 'UNDECIDED', 'UNDECIDED', 'UNDECIDED');
INSERT INTO attendance_week_date (attendance_week_date_id, create_date, update_date, friday, monday, monday_date,
                                  saturday, sunday, sunday_date, thursday, tuesday, wednesday)
VALUES (63, '2024-02-17 17:06:45.958277', '2024-02-17 17:06:45.958237', 'UNDECIDED', 'UNDECIDED', '2024-02-12',
        'UNDECIDED', 'UNDECIDED', '2024-02-18', 'UNDECIDED', 'UNDECIDED', 'UNDECIDED');
INSERT INTO attendance_week_date (attendance_week_date_id, create_date, update_date, friday, monday, monday_date,
                                  saturday, sunday, sunday_date, thursday, tuesday, wednesday)
VALUES (64, '2024-02-17 17:06:45.959112', '2024-02-17 17:06:45.959035', 'UNDECIDED', 'UNDECIDED', '2024-02-12',
        'UNDECIDED', 'UNDECIDED', '2024-02-18', 'UNDECIDED', 'UNDECIDED', 'UNDECIDED');
INSERT INTO attendance_week_date (attendance_week_date_id, create_date, update_date, friday, monday, monday_date,
                                  saturday, sunday, sunday_date, thursday, tuesday, wednesday)
VALUES (65, '2024-02-17 17:06:45.960321', '2024-02-17 17:06:45.960269', 'UNDECIDED', 'UNDECIDED', '2024-02-12',
        'UNDECIDED', 'UNDECIDED', '2024-02-18', 'UNDECIDED', 'UNDECIDED', 'UNDECIDED');
INSERT INTO attendance_week_date (attendance_week_date_id, create_date, update_date, friday, monday, monday_date,
                                  saturday, sunday, sunday_date, thursday, tuesday, wednesday)
VALUES (66, '2024-02-17 17:06:45.961184', '2024-02-17 17:06:45.961140', 'UNDECIDED', 'UNDECIDED', '2024-02-12',
        'UNDECIDED', 'UNDECIDED', '2024-02-18', 'UNDECIDED', 'UNDECIDED', 'UNDECIDED');
INSERT INTO attendance_week_date (attendance_week_date_id, create_date, update_date, friday, monday, monday_date,
                                  saturday, sunday, sunday_date, thursday, tuesday, wednesday)
VALUES (67, '2024-02-17 17:06:45.961976', '2024-02-17 17:06:45.961940', 'UNDECIDED', 'UNDECIDED', '2024-02-12',
        'UNDECIDED', 'UNDECIDED', '2024-02-18', 'UNDECIDED', 'UNDECIDED', 'UNDECIDED');
INSERT INTO attendance_week_date (attendance_week_date_id, create_date, update_date, friday, monday, monday_date,
                                  saturday, sunday, sunday_date, thursday, tuesday, wednesday)
VALUES (68, '2024-02-17 17:06:45.962881', '2024-02-17 17:06:45.962839', 'UNDECIDED', 'UNDECIDED', '2024-02-12',
        'UNDECIDED', 'UNDECIDED', '2024-02-18', 'UNDECIDED', 'UNDECIDED', 'UNDECIDED');
INSERT INTO attendance_week_date (attendance_week_date_id, create_date, update_date, friday, monday, monday_date,
                                  saturday, sunday, sunday_date, thursday, tuesday, wednesday)
VALUES (69, '2024-02-17 17:06:45.963741', '2024-02-17 17:06:45.963706', 'UNDECIDED', 'UNDECIDED', '2024-02-12',
        'UNDECIDED', 'UNDECIDED', '2024-02-18', 'UNDECIDED', 'UNDECIDED', 'UNDECIDED');
INSERT INTO attendance_week_date (attendance_week_date_id, create_date, update_date, friday, monday, monday_date,
                                  saturday, sunday, sunday_date, thursday, tuesday, wednesday)
VALUES (70, '2024-02-17 17:06:45.964548', '2024-02-17 17:06:45.964514', 'UNDECIDED', 'UNDECIDED', '2024-02-12',
        'UNDECIDED', 'UNDECIDED', '2024-02-18', 'UNDECIDED', 'UNDECIDED', 'UNDECIDED');
INSERT INTO attendance_week_date (attendance_week_date_id, create_date, update_date, friday, monday, monday_date,
                                  saturday, sunday, sunday_date, thursday, tuesday, wednesday)
VALUES (71, '2024-02-17 17:06:45.965301', '2024-02-17 17:06:45.965269', 'UNDECIDED', 'UNDECIDED', '2024-02-12',
        'UNDECIDED', 'UNDECIDED', '2024-02-18', 'UNDECIDED', 'UNDECIDED', 'UNDECIDED');
INSERT INTO attendance_week_date (attendance_week_date_id, create_date, update_date, friday, monday, monday_date,
                                  saturday, sunday, sunday_date, thursday, tuesday, wednesday)
VALUES (72, '2024-02-17 17:06:45.966089', '2024-02-17 17:06:45.966039', 'UNDECIDED', 'UNDECIDED', '2024-02-12',
        'UNDECIDED', 'UNDECIDED', '2024-02-18', 'UNDECIDED', 'UNDECIDED', 'UNDECIDED');
INSERT INTO attendance_week_date (attendance_week_date_id, create_date, update_date, friday, monday, monday_date,
                                  saturday, sunday, sunday_date, thursday, tuesday, wednesday)
VALUES (73, '2024-02-17 17:06:45.966854', '2024-02-17 17:06:45.966820', 'UNDECIDED', 'UNDECIDED', '2024-02-12',
        'UNDECIDED', 'UNDECIDED', '2024-02-18', 'UNDECIDED', 'UNDECIDED', 'UNDECIDED');
INSERT INTO attendance_week_date (attendance_week_date_id, create_date, update_date, friday, monday, monday_date,
                                  saturday, sunday, sunday_date, thursday, tuesday, wednesday)
VALUES (74, '2024-02-17 17:06:45.967657', '2024-02-17 17:06:45.967622', 'UNDECIDED', 'UNDECIDED', '2024-02-12',
        'UNDECIDED', 'UNDECIDED', '2024-02-18', 'UNDECIDED', 'UNDECIDED', 'UNDECIDED');
INSERT INTO attendance_week_date (attendance_week_date_id, create_date, update_date, friday, monday, monday_date,
                                  saturday, sunday, sunday_date, thursday, tuesday, wednesday)
VALUES (75, '2024-02-17 17:06:45.968569', '2024-02-17 17:06:45.968522', 'UNDECIDED', 'UNDECIDED', '2024-02-12',
        'UNDECIDED', 'UNDECIDED', '2024-02-18', 'UNDECIDED', 'UNDECIDED', 'UNDECIDED');
INSERT INTO attendance_week_date (attendance_week_date_id, create_date, update_date, friday, monday, monday_date,
                                  saturday, sunday, sunday_date, thursday, tuesday, wednesday)
VALUES (76, '2024-02-17 17:06:45.969400', '2024-02-17 17:06:45.969357', 'UNDECIDED', 'UNDECIDED', '2024-02-12',
        'UNDECIDED', 'UNDECIDED', '2024-02-18', 'UNDECIDED', 'UNDECIDED', 'UNDECIDED');
INSERT INTO attendance_week_date (attendance_week_date_id, create_date, update_date, friday, monday, monday_date,
                                  saturday, sunday, sunday_date, thursday, tuesday, wednesday)
VALUES (77, '2024-02-17 17:06:45.970198', '2024-02-17 17:06:45.970155', 'UNDECIDED', 'UNDECIDED', '2024-02-12',
        'UNDECIDED', 'UNDECIDED', '2024-02-18', 'UNDECIDED', 'UNDECIDED', 'UNDECIDED');
INSERT INTO attendance_week_date (attendance_week_date_id, create_date, update_date, friday, monday, monday_date,
                                  saturday, sunday, sunday_date, thursday, tuesday, wednesday)
VALUES (78, '2024-02-17 17:06:45.971038', '2024-02-17 17:06:45.970984', 'UNDECIDED', 'UNDECIDED', '2024-02-12',
        'UNDECIDED', 'UNDECIDED', '2024-02-18', 'UNDECIDED', 'UNDECIDED', 'UNDECIDED');
INSERT INTO attendance_week_date (attendance_week_date_id, create_date, update_date, friday, monday, monday_date,
                                  saturday, sunday, sunday_date, thursday, tuesday, wednesday)
VALUES (79, '2024-02-17 17:06:45.971846', '2024-02-17 17:06:45.971802', 'UNDECIDED', 'UNDECIDED', '2024-02-12',
        'UNDECIDED', 'UNDECIDED', '2024-02-18', 'UNDECIDED', 'UNDECIDED', 'UNDECIDED');
INSERT INTO attendance_week_date (attendance_week_date_id, create_date, update_date, friday, monday, monday_date,
                                  saturday, sunday, sunday_date, thursday, tuesday, wednesday)
VALUES (80, '2024-02-17 17:06:45.972644', '2024-02-17 17:06:45.972602', 'UNDECIDED', 'UNDECIDED', '2024-02-12',
        'UNDECIDED', 'UNDECIDED', '2024-02-18', 'UNDECIDED', 'UNDECIDED', 'UNDECIDED');
INSERT INTO attendance_week_date (attendance_week_date_id, create_date, update_date, friday, monday, monday_date,
                                  saturday, sunday, sunday_date, thursday, tuesday, wednesday)
VALUES (81, '2024-02-17 17:06:46.247572', '2024-02-17 17:06:46.247474', 'UNDECIDED', 'UNDECIDED', '2024-02-12',
        'UNDECIDED', 'UNDECIDED', '2024-02-18', 'UNDECIDED', 'UNDECIDED', 'UNDECIDED');
INSERT INTO attendance_week_date (attendance_week_date_id, create_date, update_date, friday, monday, monday_date,
                                  saturday, sunday, sunday_date, thursday, tuesday, wednesday)
VALUES (82, '2024-02-17 17:06:46.248417', '2024-02-17 17:06:46.248369', 'UNDECIDED', 'UNDECIDED', '2024-02-12',
        'UNDECIDED', 'UNDECIDED', '2024-02-18', 'UNDECIDED', 'UNDECIDED', 'UNDECIDED');
INSERT INTO attendance_week_date (attendance_week_date_id, create_date, update_date, friday, monday, monday_date,
                                  saturday, sunday, sunday_date, thursday, tuesday, wednesday)
VALUES (83, '2024-02-17 17:06:46.249158', '2024-02-17 17:06:46.249123', 'UNDECIDED', 'UNDECIDED', '2024-02-12',
        'UNDECIDED', 'UNDECIDED', '2024-02-18', 'UNDECIDED', 'UNDECIDED', 'UNDECIDED');
INSERT INTO attendance_week_date (attendance_week_date_id, create_date, update_date, friday, monday, monday_date,
                                  saturday, sunday, sunday_date, thursday, tuesday, wednesday)
VALUES (84, '2024-02-17 17:06:46.249854', '2024-02-17 17:06:46.249814', 'UNDECIDED', 'UNDECIDED', '2024-02-12',
        'UNDECIDED', 'UNDECIDED', '2024-02-18', 'UNDECIDED', 'UNDECIDED', 'UNDECIDED');
INSERT INTO attendance_week_date (attendance_week_date_id, create_date, update_date, friday, monday, monday_date,
                                  saturday, sunday, sunday_date, thursday, tuesday, wednesday)
VALUES (85, '2024-02-17 17:06:46.250779', '2024-02-17 17:06:46.250669', 'UNDECIDED', 'UNDECIDED', '2024-02-12',
        'UNDECIDED', 'UNDECIDED', '2024-02-18', 'UNDECIDED', 'UNDECIDED', 'UNDECIDED');
INSERT INTO attendance_week_date (attendance_week_date_id, create_date, update_date, friday, monday, monday_date,
                                  saturday, sunday, sunday_date, thursday, tuesday, wednesday)
VALUES (86, '2024-02-17 17:06:46.251703', '2024-02-17 17:06:46.251656', 'UNDECIDED', 'UNDECIDED', '2024-02-12',
        'UNDECIDED', 'UNDECIDED', '2024-02-18', 'UNDECIDED', 'UNDECIDED', 'UNDECIDED');
INSERT INTO attendance_week_date (attendance_week_date_id, create_date, update_date, friday, monday, monday_date,
                                  saturday, sunday, sunday_date, thursday, tuesday, wednesday)
VALUES (87, '2024-02-17 17:06:46.252551', '2024-02-17 17:06:46.252511', 'UNDECIDED', 'UNDECIDED', '2024-02-12',
        'UNDECIDED', 'UNDECIDED', '2024-02-18', 'UNDECIDED', 'UNDECIDED', 'UNDECIDED');
INSERT INTO attendance_week_date (attendance_week_date_id, create_date, update_date, friday, monday, monday_date,
                                  saturday, sunday, sunday_date, thursday, tuesday, wednesday)
VALUES (88, '2024-02-17 17:06:46.253339', '2024-02-17 17:06:46.253288', 'UNDECIDED', 'UNDECIDED', '2024-02-12',
        'UNDECIDED', 'UNDECIDED', '2024-02-18', 'UNDECIDED', 'UNDECIDED', 'UNDECIDED');
INSERT INTO attendance_week_date (attendance_week_date_id, create_date, update_date, friday, monday, monday_date,
                                  saturday, sunday, sunday_date, thursday, tuesday, wednesday)
VALUES (89, '2024-02-17 17:06:46.254119', '2024-02-17 17:06:46.254075', 'UNDECIDED', 'UNDECIDED', '2024-02-12',
        'UNDECIDED', 'UNDECIDED', '2024-02-18', 'UNDECIDED', 'UNDECIDED', 'UNDECIDED');
INSERT INTO attendance_week_date (attendance_week_date_id, create_date, update_date, friday, monday, monday_date,
                                  saturday, sunday, sunday_date, thursday, tuesday, wednesday)
VALUES (90, '2024-02-17 17:06:46.254826', '2024-02-17 17:06:46.254796', 'UNDECIDED', 'UNDECIDED', '2024-02-12',
        'UNDECIDED', 'UNDECIDED', '2024-02-18', 'UNDECIDED', 'UNDECIDED', 'UNDECIDED');
INSERT INTO attendance_week_date (attendance_week_date_id, create_date, update_date, friday, monday, monday_date,
                                  saturday, sunday, sunday_date, thursday, tuesday, wednesday)
VALUES (91, '2024-02-17 17:06:46.341854', '2024-02-17 17:06:46.341782', 'UNDECIDED', 'UNDECIDED', '2024-02-12',
        'UNDECIDED', 'UNDECIDED', '2024-02-18', 'UNDECIDED', 'UNDECIDED', 'UNDECIDED');
INSERT INTO attendance_week_date (attendance_week_date_id, create_date, update_date, friday, monday, monday_date,
                                  saturday, sunday, sunday_date, thursday, tuesday, wednesday)
VALUES (92, '2024-02-17 17:06:46.342597', '2024-02-17 17:06:46.342556', 'UNDECIDED', 'UNDECIDED', '2024-02-12',
        'UNDECIDED', 'UNDECIDED', '2024-02-18', 'UNDECIDED', 'UNDECIDED', 'UNDECIDED');
INSERT INTO attendance_week_date (attendance_week_date_id, create_date, update_date, friday, monday, monday_date,
                                  saturday, sunday, sunday_date, thursday, tuesday, wednesday)
VALUES (93, '2024-02-17 17:06:46.343353', '2024-02-17 17:06:46.343308', 'UNDECIDED', 'UNDECIDED', '2024-02-12',
        'UNDECIDED', 'UNDECIDED', '2024-02-18', 'UNDECIDED', 'UNDECIDED', 'UNDECIDED');
INSERT INTO attendance_week_date (attendance_week_date_id, create_date, update_date, friday, monday, monday_date,
                                  saturday, sunday, sunday_date, thursday, tuesday, wednesday)
VALUES (94, '2024-02-17 17:06:46.344185', '2024-02-17 17:06:46.344142', 'UNDECIDED', 'UNDECIDED', '2024-02-12',
        'UNDECIDED', 'UNDECIDED', '2024-02-18', 'UNDECIDED', 'UNDECIDED', 'UNDECIDED');
INSERT INTO attendance_week_date (attendance_week_date_id, create_date, update_date, friday, monday, monday_date,
                                  saturday, sunday, sunday_date, thursday, tuesday, wednesday)
VALUES (95, '2024-02-17 17:06:46.344964', '2024-02-17 17:06:46.344928', 'UNDECIDED', 'UNDECIDED', '2024-02-12',
        'UNDECIDED', 'UNDECIDED', '2024-02-18', 'UNDECIDED', 'UNDECIDED', 'UNDECIDED');
INSERT INTO attendance_week_date (attendance_week_date_id, create_date, update_date, friday, monday, monday_date,
                                  saturday, sunday, sunday_date, thursday, tuesday, wednesday)
VALUES (96, '2024-02-17 17:06:46.345794', '2024-02-17 17:06:46.345743', 'UNDECIDED', 'UNDECIDED', '2024-02-12',
        'UNDECIDED', 'UNDECIDED', '2024-02-18', 'UNDECIDED', 'UNDECIDED', 'UNDECIDED');
INSERT INTO attendance_week_date (attendance_week_date_id, create_date, update_date, friday, monday, monday_date,
                                  saturday, sunday, sunday_date, thursday, tuesday, wednesday)
VALUES (97, '2024-02-17 17:06:46.346620', '2024-02-17 17:06:46.346572', 'UNDECIDED', 'UNDECIDED', '2024-02-12',
        'UNDECIDED', 'UNDECIDED', '2024-02-18', 'UNDECIDED', 'UNDECIDED', 'UNDECIDED');
INSERT INTO attendance_week_date (attendance_week_date_id, create_date, update_date, friday, monday, monday_date,
                                  saturday, sunday, sunday_date, thursday, tuesday, wednesday)
VALUES (98, '2024-02-17 17:06:46.347515', '2024-02-17 17:06:46.347479', 'UNDECIDED', 'UNDECIDED', '2024-02-12',
        'UNDECIDED', 'UNDECIDED', '2024-02-18', 'UNDECIDED', 'UNDECIDED', 'UNDECIDED');
INSERT INTO attendance_week_date (attendance_week_date_id, create_date, update_date, friday, monday, monday_date,
                                  saturday, sunday, sunday_date, thursday, tuesday, wednesday)
VALUES (99, '2024-02-17 17:06:46.348249', '2024-02-17 17:06:46.348218', 'UNDECIDED', 'UNDECIDED', '2024-02-12',
        'UNDECIDED', 'UNDECIDED', '2024-02-18', 'UNDECIDED', 'UNDECIDED', 'UNDECIDED');
INSERT INTO attendance_week_date (attendance_week_date_id, create_date, update_date, friday, monday, monday_date,
                                  saturday, sunday, sunday_date, thursday, tuesday, wednesday)
VALUES (100, '2024-02-17 17:06:46.349015', '2024-02-17 17:06:46.348974', 'UNDECIDED', 'UNDECIDED', '2024-02-12',
        'UNDECIDED', 'UNDECIDED', '2024-02-18', 'UNDECIDED', 'UNDECIDED', 'UNDECIDED');

-- attendance_state
INSERT INTO attendance_state (attendance_state_id, attendance_check_time_id, attendance_week_date_id, vacation_token_id)
VALUES (1, 1, 1, 1);
INSERT INTO attendance_state (attendance_state_id, attendance_check_time_id, attendance_week_date_id, vacation_token_id)
VALUES (2, 2, 2, 2);
INSERT INTO attendance_state (attendance_state_id, attendance_check_time_id, attendance_week_date_id, vacation_token_id)
VALUES (3, 3, 3, 3);
INSERT INTO attendance_state (attendance_state_id, attendance_check_time_id, attendance_week_date_id, vacation_token_id)
VALUES (4, 4, 4, 4);
INSERT INTO attendance_state (attendance_state_id, attendance_check_time_id, attendance_week_date_id, vacation_token_id)
VALUES (5, 5, 5, 5);
INSERT INTO attendance_state (attendance_state_id, attendance_check_time_id, attendance_week_date_id, vacation_token_id)
VALUES (6, 6, 6, 6);
INSERT INTO attendance_state (attendance_state_id, attendance_check_time_id, attendance_week_date_id, vacation_token_id)
VALUES (7, 7, 7, 7);
INSERT INTO attendance_state (attendance_state_id, attendance_check_time_id, attendance_week_date_id, vacation_token_id)
VALUES (8, 8, 8, 8);
INSERT INTO attendance_state (attendance_state_id, attendance_check_time_id, attendance_week_date_id, vacation_token_id)
VALUES (9, 9, 9, 9);
INSERT INTO attendance_state (attendance_state_id, attendance_check_time_id, attendance_week_date_id, vacation_token_id)
VALUES (10, 10, 10, 10);
INSERT INTO attendance_state (attendance_state_id, attendance_check_time_id, attendance_week_date_id, vacation_token_id)
VALUES (11, 11, 11, 11);
INSERT INTO attendance_state (attendance_state_id, attendance_check_time_id, attendance_week_date_id, vacation_token_id)
VALUES (12, 12, 12, 12);
INSERT INTO attendance_state (attendance_state_id, attendance_check_time_id, attendance_week_date_id, vacation_token_id)
VALUES (13, 13, 13, 13);
INSERT INTO attendance_state (attendance_state_id, attendance_check_time_id, attendance_week_date_id, vacation_token_id)
VALUES (14, 14, 14, 14);
INSERT INTO attendance_state (attendance_state_id, attendance_check_time_id, attendance_week_date_id, vacation_token_id)
VALUES (15, 15, 15, 15);
INSERT INTO attendance_state (attendance_state_id, attendance_check_time_id, attendance_week_date_id, vacation_token_id)
VALUES (16, 16, 16, 16);
INSERT INTO attendance_state (attendance_state_id, attendance_check_time_id, attendance_week_date_id, vacation_token_id)
VALUES (17, 17, 17, 17);
INSERT INTO attendance_state (attendance_state_id, attendance_check_time_id, attendance_week_date_id, vacation_token_id)
VALUES (18, 18, 18, 18);
INSERT INTO attendance_state (attendance_state_id, attendance_check_time_id, attendance_week_date_id, vacation_token_id)
VALUES (19, 19, 19, 19);
INSERT INTO attendance_state (attendance_state_id, attendance_check_time_id, attendance_week_date_id, vacation_token_id)
VALUES (20, 20, 20, 20);
INSERT INTO attendance_state (attendance_state_id, attendance_check_time_id, attendance_week_date_id, vacation_token_id)
VALUES (21, 21, 21, 21);
INSERT INTO attendance_state (attendance_state_id, attendance_check_time_id, attendance_week_date_id, vacation_token_id)
VALUES (22, 22, 22, 22);
INSERT INTO attendance_state (attendance_state_id, attendance_check_time_id, attendance_week_date_id, vacation_token_id)
VALUES (23, 23, 23, 23);
INSERT INTO attendance_state (attendance_state_id, attendance_check_time_id, attendance_week_date_id, vacation_token_id)
VALUES (24, 24, 24, 24);
INSERT INTO attendance_state (attendance_state_id, attendance_check_time_id, attendance_week_date_id, vacation_token_id)
VALUES (25, 25, 25, 25);
INSERT INTO attendance_state (attendance_state_id, attendance_check_time_id, attendance_week_date_id, vacation_token_id)
VALUES (26, 26, 26, 26);
INSERT INTO attendance_state (attendance_state_id, attendance_check_time_id, attendance_week_date_id, vacation_token_id)
VALUES (27, 27, 27, 27);
INSERT INTO attendance_state (attendance_state_id, attendance_check_time_id, attendance_week_date_id, vacation_token_id)
VALUES (28, 28, 28, 28);
INSERT INTO attendance_state (attendance_state_id, attendance_check_time_id, attendance_week_date_id, vacation_token_id)
VALUES (29, 29, 29, 29);
INSERT INTO attendance_state (attendance_state_id, attendance_check_time_id, attendance_week_date_id, vacation_token_id)
VALUES (30, 30, 30, 30);
INSERT INTO attendance_state (attendance_state_id, attendance_check_time_id, attendance_week_date_id, vacation_token_id)
VALUES (31, 31, 31, 31);
INSERT INTO attendance_state (attendance_state_id, attendance_check_time_id, attendance_week_date_id, vacation_token_id)
VALUES (32, 32, 32, 32);
INSERT INTO attendance_state (attendance_state_id, attendance_check_time_id, attendance_week_date_id, vacation_token_id)
VALUES (33, 33, 33, 33);
INSERT INTO attendance_state (attendance_state_id, attendance_check_time_id, attendance_week_date_id, vacation_token_id)
VALUES (34, 34, 34, 34);
INSERT INTO attendance_state (attendance_state_id, attendance_check_time_id, attendance_week_date_id, vacation_token_id)
VALUES (35, 35, 35, 35);
INSERT INTO attendance_state (attendance_state_id, attendance_check_time_id, attendance_week_date_id, vacation_token_id)
VALUES (36, 36, 36, 36);
INSERT INTO attendance_state (attendance_state_id, attendance_check_time_id, attendance_week_date_id, vacation_token_id)
VALUES (37, 37, 37, 37);
INSERT INTO attendance_state (attendance_state_id, attendance_check_time_id, attendance_week_date_id, vacation_token_id)
VALUES (38, 38, 38, 38);
INSERT INTO attendance_state (attendance_state_id, attendance_check_time_id, attendance_week_date_id, vacation_token_id)
VALUES (39, 39, 39, 39);
INSERT INTO attendance_state (attendance_state_id, attendance_check_time_id, attendance_week_date_id, vacation_token_id)
VALUES (40, 40, 40, 40);
INSERT INTO attendance_state (attendance_state_id, attendance_check_time_id, attendance_week_date_id, vacation_token_id)
VALUES (41, 41, 41, 41);
INSERT INTO attendance_state (attendance_state_id, attendance_check_time_id, attendance_week_date_id, vacation_token_id)
VALUES (42, 42, 42, 42);
INSERT INTO attendance_state (attendance_state_id, attendance_check_time_id, attendance_week_date_id, vacation_token_id)
VALUES (43, 43, 43, 43);
INSERT INTO attendance_state (attendance_state_id, attendance_check_time_id, attendance_week_date_id, vacation_token_id)
VALUES (44, 44, 44, 44);
INSERT INTO attendance_state (attendance_state_id, attendance_check_time_id, attendance_week_date_id, vacation_token_id)
VALUES (45, 45, 45, 45);
INSERT INTO attendance_state (attendance_state_id, attendance_check_time_id, attendance_week_date_id, vacation_token_id)
VALUES (46, 46, 46, 46);
INSERT INTO attendance_state (attendance_state_id, attendance_check_time_id, attendance_week_date_id, vacation_token_id)
VALUES (47, 47, 47, 47);
INSERT INTO attendance_state (attendance_state_id, attendance_check_time_id, attendance_week_date_id, vacation_token_id)
VALUES (48, 48, 48, 48);
INSERT INTO attendance_state (attendance_state_id, attendance_check_time_id, attendance_week_date_id, vacation_token_id)
VALUES (49, 49, 49, 49);
INSERT INTO attendance_state (attendance_state_id, attendance_check_time_id, attendance_week_date_id, vacation_token_id)
VALUES (50, 50, 50, 50);
INSERT INTO attendance_state (attendance_state_id, attendance_check_time_id, attendance_week_date_id, vacation_token_id)
VALUES (51, 51, 51, 51);
INSERT INTO attendance_state (attendance_state_id, attendance_check_time_id, attendance_week_date_id, vacation_token_id)
VALUES (52, 52, 52, 52);
INSERT INTO attendance_state (attendance_state_id, attendance_check_time_id, attendance_week_date_id, vacation_token_id)
VALUES (53, 53, 53, 53);
INSERT INTO attendance_state (attendance_state_id, attendance_check_time_id, attendance_week_date_id, vacation_token_id)
VALUES (54, 54, 54, 54);
INSERT INTO attendance_state (attendance_state_id, attendance_check_time_id, attendance_week_date_id, vacation_token_id)
VALUES (55, 55, 55, 55);
INSERT INTO attendance_state (attendance_state_id, attendance_check_time_id, attendance_week_date_id, vacation_token_id)
VALUES (56, 56, 56, 56);
INSERT INTO attendance_state (attendance_state_id, attendance_check_time_id, attendance_week_date_id, vacation_token_id)
VALUES (57, 57, 57, 57);
INSERT INTO attendance_state (attendance_state_id, attendance_check_time_id, attendance_week_date_id, vacation_token_id)
VALUES (58, 58, 58, 58);
INSERT INTO attendance_state (attendance_state_id, attendance_check_time_id, attendance_week_date_id, vacation_token_id)
VALUES (59, 59, 59, 59);
INSERT INTO attendance_state (attendance_state_id, attendance_check_time_id, attendance_week_date_id, vacation_token_id)
VALUES (60, 60, 60, 60);
INSERT INTO attendance_state (attendance_state_id, attendance_check_time_id, attendance_week_date_id, vacation_token_id)
VALUES (61, 61, 61, 61);
INSERT INTO attendance_state (attendance_state_id, attendance_check_time_id, attendance_week_date_id, vacation_token_id)
VALUES (62, 62, 62, 62);
INSERT INTO attendance_state (attendance_state_id, attendance_check_time_id, attendance_week_date_id, vacation_token_id)
VALUES (63, 63, 63, 63);
INSERT INTO attendance_state (attendance_state_id, attendance_check_time_id, attendance_week_date_id, vacation_token_id)
VALUES (64, 64, 64, 64);
INSERT INTO attendance_state (attendance_state_id, attendance_check_time_id, attendance_week_date_id, vacation_token_id)
VALUES (65, 65, 65, 65);
INSERT INTO attendance_state (attendance_state_id, attendance_check_time_id, attendance_week_date_id, vacation_token_id)
VALUES (66, 66, 66, 66);
INSERT INTO attendance_state (attendance_state_id, attendance_check_time_id, attendance_week_date_id, vacation_token_id)
VALUES (67, 67, 67, 67);
INSERT INTO attendance_state (attendance_state_id, attendance_check_time_id, attendance_week_date_id, vacation_token_id)
VALUES (68, 68, 68, 68);
INSERT INTO attendance_state (attendance_state_id, attendance_check_time_id, attendance_week_date_id, vacation_token_id)
VALUES (69, 69, 69, 69);
INSERT INTO attendance_state (attendance_state_id, attendance_check_time_id, attendance_week_date_id, vacation_token_id)
VALUES (70, 70, 70, 70);
INSERT INTO attendance_state (attendance_state_id, attendance_check_time_id, attendance_week_date_id, vacation_token_id)
VALUES (71, 71, 71, 71);
INSERT INTO attendance_state (attendance_state_id, attendance_check_time_id, attendance_week_date_id, vacation_token_id)
VALUES (72, 72, 72, 72);
INSERT INTO attendance_state (attendance_state_id, attendance_check_time_id, attendance_week_date_id, vacation_token_id)
VALUES (73, 73, 73, 73);
INSERT INTO attendance_state (attendance_state_id, attendance_check_time_id, attendance_week_date_id, vacation_token_id)
VALUES (74, 74, 74, 74);
INSERT INTO attendance_state (attendance_state_id, attendance_check_time_id, attendance_week_date_id, vacation_token_id)
VALUES (75, 75, 75, 75);
INSERT INTO attendance_state (attendance_state_id, attendance_check_time_id, attendance_week_date_id, vacation_token_id)
VALUES (76, 76, 76, 76);
INSERT INTO attendance_state (attendance_state_id, attendance_check_time_id, attendance_week_date_id, vacation_token_id)
VALUES (77, 77, 77, 77);
INSERT INTO attendance_state (attendance_state_id, attendance_check_time_id, attendance_week_date_id, vacation_token_id)
VALUES (78, 78, 78, 78);
INSERT INTO attendance_state (attendance_state_id, attendance_check_time_id, attendance_week_date_id, vacation_token_id)
VALUES (79, 79, 79, 79);
INSERT INTO attendance_state (attendance_state_id, attendance_check_time_id, attendance_week_date_id, vacation_token_id)
VALUES (80, 80, 80, 80);
INSERT INTO attendance_state (attendance_state_id, attendance_check_time_id, attendance_week_date_id, vacation_token_id)
VALUES (81, 81, 81, 81);
INSERT INTO attendance_state (attendance_state_id, attendance_check_time_id, attendance_week_date_id, vacation_token_id)
VALUES (82, 82, 82, 82);
INSERT INTO attendance_state (attendance_state_id, attendance_check_time_id, attendance_week_date_id, vacation_token_id)
VALUES (83, 83, 83, 83);
INSERT INTO attendance_state (attendance_state_id, attendance_check_time_id, attendance_week_date_id, vacation_token_id)
VALUES (84, 84, 84, 84);
INSERT INTO attendance_state (attendance_state_id, attendance_check_time_id, attendance_week_date_id, vacation_token_id)
VALUES (85, 85, 85, 85);
INSERT INTO attendance_state (attendance_state_id, attendance_check_time_id, attendance_week_date_id, vacation_token_id)
VALUES (86, 86, 86, 86);
INSERT INTO attendance_state (attendance_state_id, attendance_check_time_id, attendance_week_date_id, vacation_token_id)
VALUES (87, 87, 87, 87);
INSERT INTO attendance_state (attendance_state_id, attendance_check_time_id, attendance_week_date_id, vacation_token_id)
VALUES (88, 88, 88, 88);
INSERT INTO attendance_state (attendance_state_id, attendance_check_time_id, attendance_week_date_id, vacation_token_id)
VALUES (89, 89, 89, 89);
INSERT INTO attendance_state (attendance_state_id, attendance_check_time_id, attendance_week_date_id, vacation_token_id)
VALUES (90, 90, 90, 90);
INSERT INTO attendance_state (attendance_state_id, attendance_check_time_id, attendance_week_date_id, vacation_token_id)
VALUES (91, 91, 91, 91);
INSERT INTO attendance_state (attendance_state_id, attendance_check_time_id, attendance_week_date_id, vacation_token_id)
VALUES (92, 92, 92, 92);
INSERT INTO attendance_state (attendance_state_id, attendance_check_time_id, attendance_week_date_id, vacation_token_id)
VALUES (93, 93, 93, 93);
INSERT INTO attendance_state (attendance_state_id, attendance_check_time_id, attendance_week_date_id, vacation_token_id)
VALUES (94, 94, 94, 94);
INSERT INTO attendance_state (attendance_state_id, attendance_check_time_id, attendance_week_date_id, vacation_token_id)
VALUES (95, 95, 95, 95);
INSERT INTO attendance_state (attendance_state_id, attendance_check_time_id, attendance_week_date_id, vacation_token_id)
VALUES (96, 96, 96, 96);
INSERT INTO attendance_state (attendance_state_id, attendance_check_time_id, attendance_week_date_id, vacation_token_id)
VALUES (97, 97, 97, 97);
INSERT INTO attendance_state (attendance_state_id, attendance_check_time_id, attendance_week_date_id, vacation_token_id)
VALUES (98, 98, 98, 98);
INSERT INTO attendance_state (attendance_state_id, attendance_check_time_id, attendance_week_date_id, vacation_token_id)
VALUES (99, 99, 99, 99);
INSERT INTO attendance_state (attendance_state_id, attendance_check_time_id, attendance_week_date_id, vacation_token_id)
VALUES (100, 100, 100, 100);

-- attendance_week
INSERT INTO attendance_week (attendance_week_id, create_date, update_date, friday, monday, saturday, sunday, thursday,
                             tuesday, wednesday)
VALUES (1, '2024-02-17 17:06:45.154056', '2024-02-17 17:06:45.152504', 'POSSIBLE', 'POSSIBLE', 'POSSIBLE', 'POSSIBLE',
        'POSSIBLE', 'POSSIBLE', 'POSSIBLE');
INSERT INTO attendance_week (attendance_week_id, create_date, update_date, friday, monday, saturday, sunday, thursday,
                             tuesday, wednesday)
VALUES (2, '2024-02-17 17:06:45.745359', '2024-02-17 17:06:45.745342', 'POSSIBLE', 'POSSIBLE', 'POSSIBLE', 'POSSIBLE',
        'POSSIBLE', 'POSSIBLE', 'POSSIBLE');
INSERT INTO attendance_week (attendance_week_id, create_date, update_date, friday, monday, saturday, sunday, thursday,
                             tuesday, wednesday)
VALUES (3, '2024-02-17 17:06:45.973333', '2024-02-17 17:06:45.973315', 'POSSIBLE', 'POSSIBLE', 'POSSIBLE', 'POSSIBLE',
        'POSSIBLE', 'POSSIBLE', 'POSSIBLE');
INSERT INTO attendance_week (attendance_week_id, create_date, update_date, friday, monday, saturday, sunday, thursday,
                             tuesday, wednesday)
VALUES (4, '2024-02-17 17:06:46.255451', '2024-02-17 17:06:46.255432', 'POSSIBLE', 'POSSIBLE', 'POSSIBLE', 'POSSIBLE',
        'POSSIBLE', 'POSSIBLE', 'POSSIBLE');
INSERT INTO attendance_week (attendance_week_id, create_date, update_date, friday, monday, saturday, sunday, thursday,
                             tuesday, wednesday)
VALUES (5, '2024-02-17 17:06:46.349665', '2024-02-17 17:06:46.349648', 'POSSIBLE', 'POSSIBLE', 'POSSIBLE', 'POSSIBLE',
        'POSSIBLE', 'POSSIBLE', 'POSSIBLE');

-- vacation_token_control
INSERT INTO vacation_token_control (vacation_token_control_id, create_date, update_date, like_count)
VALUES (1, '2024-02-17 17:06:45.156650', '2024-02-17 17:06:45.155774', 5);
INSERT INTO vacation_token_control (vacation_token_control_id, create_date, update_date, like_count)
VALUES (2, '2024-02-17 17:06:45.745656', '2024-02-17 17:06:45.745642', 5);
INSERT INTO vacation_token_control (vacation_token_control_id, create_date, update_date, like_count)
VALUES (3, '2024-02-17 17:06:45.973500', '2024-02-17 17:06:45.973486', 5);
INSERT INTO vacation_token_control (vacation_token_control_id, create_date, update_date, like_count)
VALUES (4, '2024-02-17 17:06:46.255580', '2024-02-17 17:06:46.255569', 5);
INSERT INTO vacation_token_control (vacation_token_control_id, create_date, update_date, like_count)
VALUES (5, '2024-02-17 17:06:46.349786', '2024-02-17 17:06:46.349775', 5);

-- club_control
INSERT INTO club_control (club_control_id, attendance_week_id, vacation_token_control_id)
VALUES (1, 1, 1);
INSERT INTO club_control (club_control_id, attendance_week_id, vacation_token_control_id)
VALUES (2, 2, 2);
INSERT INTO club_control (club_control_id, attendance_week_id, vacation_token_control_id)
VALUES (3, 3, 3);
INSERT INTO club_control (club_control_id, attendance_week_id, vacation_token_control_id)
VALUES (4, 4, 4);
INSERT INTO club_control (club_control_id, attendance_week_id, vacation_token_control_id)
VALUES (5, 5, 5);

-- club
INSERT INTO club (club_id, create_date, update_date, club_introduce, club_name, club_profile_image, club_control_id)
VALUES (1, '2024-02-17 17:06:45.003882', '2024-02-17 17:06:45.177425', '테스트_팀_자기소개_0', '테스트_팀_이름_0', '테스트_프로필_사진_URL_0',
        1);
INSERT INTO club (club_id, create_date, update_date, club_introduce, club_name, club_profile_image, club_control_id)
VALUES (2, '2024-02-17 17:06:45.722050', '2024-02-17 17:06:45.748980', '테스트_팀_자기소개_1', '테스트_팀_이름_1', '테스트_프로필_사진_URL_1',
        2);
INSERT INTO club (club_id, create_date, update_date, club_introduce, club_name, club_profile_image, club_control_id)
VALUES (3, '2024-02-17 17:06:45.946036', '2024-02-17 17:06:45.976454', '테스트_팀_자기소개_2', '테스트_팀_이름_2', '테스트_프로필_사진_URL_2',
        3);
INSERT INTO club (club_id, create_date, update_date, club_introduce, club_name, club_profile_image, club_control_id)
VALUES (4, '2024-02-17 17:06:46.245797', '2024-02-17 17:06:46.258311', '테스트_팀_자기소개_3', '테스트_팀_이름_3', '테스트_프로필_사진_URL_3',
        4);
INSERT INTO club (club_id, create_date, update_date, club_introduce, club_name, club_profile_image, club_control_id)
VALUES (5, '2024-02-17 17:06:46.340313', '2024-02-17 17:06:46.352779', '테스트_팀_자기소개_4', '테스트_팀_이름_4', '테스트_프로필_사진_URL_4',
        5);

-- attendance_number
INSERT INTO attendance_number (attendance_number_id, create_date, update_date, attendance_date, attendance_number,
                               club_id)
VALUES (1, '2024-02-17 17:06:45.012475', '2024-02-17 17:06:45.011020', '2024-02-17', '3141', 1);
INSERT INTO attendance_number (attendance_number_id, create_date, update_date, attendance_date, attendance_number,
                               club_id)
VALUES (2, '2024-02-17 17:06:45.722263', '2024-02-17 17:06:45.722237', '2024-02-17', '6896', 2);
INSERT INTO attendance_number (attendance_number_id, create_date, update_date, attendance_date, attendance_number,
                               club_id)
VALUES (3, '2024-02-17 17:06:45.946248', '2024-02-17 17:06:45.946221', '2024-02-17', '7443', 3);
INSERT INTO attendance_number (attendance_number_id, create_date, update_date, attendance_date, attendance_number,
                               club_id)
VALUES (4, '2024-02-17 17:06:46.245979', '2024-02-17 17:06:46.245953', '2024-02-17', '2426', 4);
INSERT INTO attendance_number (attendance_number_id, create_date, update_date, attendance_date, attendance_number,
                               club_id)
VALUES (5, '2024-02-17 17:06:46.340458', '2024-02-17 17:06:46.340439', '2024-02-17', '1712', 5);

-- club_introduce_image
INSERT INTO club_introduce_image (club_introduce_image_id, create_date, update_date, club_introduce_image, club_id)
VALUES (1, '2024-02-17 17:06:45.017536', '2024-02-17 17:06:45.016318', '테스트_소개_사진_URL_0', 1);
INSERT INTO club_introduce_image (club_introduce_image_id, create_date, update_date, club_introduce_image, club_id)
VALUES (2, '2024-02-17 17:06:45.018708', '2024-02-17 17:06:45.018600', '테스트_소개_사진_URL_1', 1);
INSERT INTO club_introduce_image (club_introduce_image_id, create_date, update_date, club_introduce_image, club_id)
VALUES (3, '2024-02-17 17:06:45.019732', '2024-02-17 17:06:45.019635', '테스트_소개_사진_URL_2', 1);
INSERT INTO club_introduce_image (club_introduce_image_id, create_date, update_date, club_introduce_image, club_id)
VALUES (4, '2024-02-17 17:06:45.722449', '2024-02-17 17:06:45.722433', '테스트_소개_사진_URL_0', 2);
INSERT INTO club_introduce_image (club_introduce_image_id, create_date, update_date, club_introduce_image, club_id)
VALUES (5, '2024-02-17 17:06:45.722594', '2024-02-17 17:06:45.722582', '테스트_소개_사진_URL_1', 2);
INSERT INTO club_introduce_image (club_introduce_image_id, create_date, update_date, club_introduce_image, club_id)
VALUES (6, '2024-02-17 17:06:45.722737', '2024-02-17 17:06:45.722718', '테스트_소개_사진_URL_2', 2);
INSERT INTO club_introduce_image (club_introduce_image_id, create_date, update_date, club_introduce_image, club_id)
VALUES (7, '2024-02-17 17:06:45.946385', '2024-02-17 17:06:45.946373', '테스트_소개_사진_URL_0', 3);
INSERT INTO club_introduce_image (club_introduce_image_id, create_date, update_date, club_introduce_image, club_id)
VALUES (8, '2024-02-17 17:06:45.946511', '2024-02-17 17:06:45.946501', '테스트_소개_사진_URL_1', 3);
INSERT INTO club_introduce_image (club_introduce_image_id, create_date, update_date, club_introduce_image, club_id)
VALUES (9, '2024-02-17 17:06:45.946622', '2024-02-17 17:06:45.946611', '테스트_소개_사진_URL_2', 3);
INSERT INTO club_introduce_image (club_introduce_image_id, create_date, update_date, club_introduce_image, club_id)
VALUES (10, '2024-02-17 17:06:46.246101', '2024-02-17 17:06:46.246091', '테스트_소개_사진_URL_0', 4);
INSERT INTO club_introduce_image (club_introduce_image_id, create_date, update_date, club_introduce_image, club_id)
VALUES (11, '2024-02-17 17:06:46.246216', '2024-02-17 17:06:46.246206', '테스트_소개_사진_URL_1', 4);
INSERT INTO club_introduce_image (club_introduce_image_id, create_date, update_date, club_introduce_image, club_id)
VALUES (12, '2024-02-17 17:06:46.246316', '2024-02-17 17:06:46.246308', '테스트_소개_사진_URL_2', 4);
INSERT INTO club_introduce_image (club_introduce_image_id, create_date, update_date, club_introduce_image, club_id)
VALUES (13, '2024-02-17 17:06:46.340583', '2024-02-17 17:06:46.340573', '테스트_소개_사진_URL_0', 5);
INSERT INTO club_introduce_image (club_introduce_image_id, create_date, update_date, club_introduce_image, club_id)
VALUES (14, '2024-02-17 17:06:46.340714', '2024-02-17 17:06:46.340704', '테스트_소개_사진_URL_1', 5);
INSERT INTO club_introduce_image (club_introduce_image_id, create_date, update_date, club_introduce_image, club_id)
VALUES (15, '2024-02-17 17:06:46.340824', '2024-02-17 17:06:46.340815', '테스트_소개_사진_URL_2', 5);

-- club_grade
INSERT INTO club_grade (club_grade_id, create_date, update_date, club_grade)
VALUES (1, '2024-02-17 02:17:30.559515', '2024-02-17 02:17:30.558625', 'LEADER');
INSERT INTO club_grade (club_grade_id, create_date, update_date, club_grade)
VALUES (2, '2024-02-17 02:17:30.561180', '2024-02-17 02:17:30.561101', 'DEPUTY_LEADER');
INSERT INTO club_grade (club_grade_id, create_date, update_date, club_grade)
VALUES (3, '2024-02-17 02:17:30.562760', '2024-02-17 02:17:30.562597', 'MEMBER');
INSERT INTO club_grade (club_grade_id, create_date, update_date, club_grade)
VALUES (4, '2024-02-17 02:17:30.564334', '2024-02-17 02:17:30.564236', 'DORMANT');

-- club_member_information
INSERT INTO club_member_information (club_member_information_id, create_date, update_date, introduce, favorite_check)
VALUES (1, '2024-02-17 17:06:45.246242', '2024-02-17 17:06:45.245016', '테스트_클럽_지원_자기소개_0', 'UNCHECK');
INSERT INTO club_member_information (club_member_information_id, create_date, update_date, introduce, favorite_check)
VALUES (2, '2024-02-17 17:06:45.247590', '2024-02-17 17:06:45.247502', '테스트_클럽_지원_자기소개_10', 'UNCHECK');
INSERT INTO club_member_information (club_member_information_id, create_date, update_date, introduce, favorite_check)
VALUES (3, '2024-02-17 17:06:45.248696', '2024-02-17 17:06:45.248636', '테스트_클럽_지원_자기소개_2', 'UNCHECK');
INSERT INTO club_member_information (club_member_information_id, create_date, update_date, introduce, favorite_check)
VALUES (4, '2024-02-17 17:06:45.249596', '2024-02-17 17:06:45.249536', '테스트_클럽_지원_자기소개_3', 'CHECK');
INSERT INTO club_member_information (club_member_information_id, create_date, update_date, introduce, favorite_check)
VALUES (5, '2024-02-17 17:06:45.250860', '2024-02-17 17:06:45.250779', '테스트_클럽_지원_자기소개_4', 'UNCHECK');
INSERT INTO club_member_information (club_member_information_id, create_date, update_date, introduce, favorite_check)
VALUES (6, '2024-02-17 17:06:45.252213', '2024-02-17 17:06:45.252145', '테스트_클럽_지원_자기소개_5', 'CHECK');
INSERT INTO club_member_information (club_member_information_id, create_date, update_date, introduce, favorite_check)
VALUES (7, '2024-02-17 17:06:45.253295', '2024-02-17 17:06:45.253241', '테스트_클럽_지원_자기소개_6', 'UNCHECK');
INSERT INTO club_member_information (club_member_information_id, create_date, update_date, introduce, favorite_check)
VALUES (8, '2024-02-17 17:06:45.254187', '2024-02-17 17:06:45.254131', '테스트_클럽_지원_자기소개_7', 'UNCHECK');
INSERT INTO club_member_information (club_member_information_id, create_date, update_date, introduce, favorite_check)
VALUES (9, '2024-02-17 17:06:45.255139', '2024-02-17 17:06:45.255090', '테스트_클럽_지원_자기소개_8', 'UNCHECK');
INSERT INTO club_member_information (club_member_information_id, create_date, update_date, introduce, favorite_check)
VALUES (10, '2024-02-17 17:06:45.256038', '2024-02-17 17:06:45.255981', '테스트_클럽_지원_자기소개_9', 'CHECK');
INSERT INTO club_member_information (club_member_information_id, create_date, update_date, introduce, favorite_check)
VALUES (11, '2024-02-17 17:06:45.256909', '2024-02-17 17:06:45.256854', '테스트_클럽_지원_자기소개_10', 'UNCHECK');
INSERT INTO club_member_information (club_member_information_id, create_date, update_date, introduce, favorite_check)
VALUES (12, '2024-02-17 17:06:45.257773', '2024-02-17 17:06:45.257724', '테스트_클럽_지원_자기소개_11', 'UNCHECK');
INSERT INTO club_member_information (club_member_information_id, create_date, update_date, introduce, favorite_check)
VALUES (13, '2024-02-17 17:06:45.258680', '2024-02-17 17:06:45.258617', '테스트_클럽_지원_자기소개_12', 'UNCHECK');
INSERT INTO club_member_information (club_member_information_id, create_date, update_date, introduce, favorite_check)
VALUES (14, '2024-02-17 17:06:45.259886', '2024-02-17 17:06:45.259828', '테스트_클럽_지원_자기소개_13', 'UNCHECK');
INSERT INTO club_member_information (club_member_information_id, create_date, update_date, introduce, favorite_check)
VALUES (15, '2024-02-17 17:06:45.260958', '2024-02-17 17:06:45.260894', '테스트_클럽_지원_자기소개_14', 'UNCHECK');
INSERT INTO club_member_information (club_member_information_id, create_date, update_date, introduce, favorite_check)
VALUES (16, '2024-02-17 17:06:45.263123', '2024-02-17 17:06:45.261950', '테스트_클럽_지원_자기소개_15', 'UNCHECK');
INSERT INTO club_member_information (club_member_information_id, create_date, update_date, introduce, favorite_check)
VALUES (17, '2024-02-17 17:06:45.264785', '2024-02-17 17:06:45.264728', '테스트_클럽_지원_자기소개_16', 'UNCHECK');
INSERT INTO club_member_information (club_member_information_id, create_date, update_date, introduce, favorite_check)
VALUES (18, '2024-02-17 17:06:45.265775', '2024-02-17 17:06:45.265716', '테스트_클럽_지원_자기소개_17', 'CHECK');
INSERT INTO club_member_information (club_member_information_id, create_date, update_date, introduce, favorite_check)
VALUES (19, '2024-02-17 17:06:45.266666', '2024-02-17 17:06:45.266597', '테스트_클럽_지원_자기소개_18', 'UNCHECK');
INSERT INTO club_member_information (club_member_information_id, create_date, update_date, introduce, favorite_check)
VALUES (20, '2024-02-17 17:06:45.267656', '2024-02-17 17:06:45.267601', '테스트_클럽_지원_자기소개_19', 'UNCHECK');
INSERT INTO club_member_information (club_member_information_id, create_date, update_date, introduce, favorite_check)
VALUES (21, '2024-02-17 17:06:45.268540', '2024-02-17 17:06:45.268493', '테스트_클럽_지원_자기소개_20', 'UNCHECK');
INSERT INTO club_member_information (club_member_information_id, create_date, update_date, introduce, favorite_check)
VALUES (22, '2024-02-17 17:06:45.269376', '2024-02-17 17:06:45.269329', '테스트_클럽_지원_자기소개_21', 'UNCHECK');
INSERT INTO club_member_information (club_member_information_id, create_date, update_date, introduce, favorite_check)
VALUES (23, '2024-02-17 17:06:45.270382', '2024-02-17 17:06:45.270320', '테스트_클럽_지원_자기소개_22', 'UNCHECK');
INSERT INTO club_member_information (club_member_information_id, create_date, update_date, introduce, favorite_check)
VALUES (24, '2024-02-17 17:06:45.271367', '2024-02-17 17:06:45.271311', '테스트_클럽_지원_자기소개_23', 'UNCHECK');
INSERT INTO club_member_information (club_member_information_id, create_date, update_date, introduce, favorite_check)
VALUES (25, '2024-02-17 17:06:45.272357', '2024-02-17 17:06:45.272290', '테스트_클럽_지원_자기소개_24', 'UNCHECK');
INSERT INTO club_member_information (club_member_information_id, create_date, update_date, introduce, favorite_check)
VALUES (26, '2024-02-17 17:06:45.273240', '2024-02-17 17:06:45.273181', '테스트_클럽_지원_자기소개_25', 'UNCHECK');
INSERT INTO club_member_information (club_member_information_id, create_date, update_date, introduce, favorite_check)
VALUES (27, '2024-02-17 17:06:45.274023', '2024-02-17 17:06:45.273973', '테스트_클럽_지원_자기소개_26', 'CHECK');
INSERT INTO club_member_information (club_member_information_id, create_date, update_date, introduce, favorite_check)
VALUES (28, '2024-02-17 17:06:45.274787', '2024-02-17 17:06:45.274741', '테스트_클럽_지원_자기소개_27', 'UNCHECK');
INSERT INTO club_member_information (club_member_information_id, create_date, update_date, introduce, favorite_check)
VALUES (29, '2024-02-17 17:06:45.275657', '2024-02-17 17:06:45.275593', '테스트_클럽_지원_자기소개_28', 'UNCHECK');
INSERT INTO club_member_information (club_member_information_id, create_date, update_date, introduce, favorite_check)
VALUES (30, '2024-02-17 17:06:45.276500', '2024-02-17 17:06:45.276442', '테스트_클럽_지원_자기소개_29', 'UNCHECK');
INSERT INTO club_member_information (club_member_information_id, create_date, update_date, introduce, favorite_check)
VALUES (31, '2024-02-17 17:06:45.762008', '2024-02-17 17:06:45.761996', '테스트_클럽_지원_자기소개_30', 'UNCHECK');
INSERT INTO club_member_information (club_member_information_id, create_date, update_date, introduce, favorite_check)
VALUES (32, '2024-02-17 17:06:45.762421', '2024-02-17 17:06:45.762410', '테스트_클럽_지원_자기소개_5', 'CHECK');
INSERT INTO club_member_information (club_member_information_id, create_date, update_date, introduce, favorite_check)
VALUES (33, '2024-02-17 17:06:45.762819', '2024-02-17 17:06:45.762802', '테스트_클럽_지원_자기소개_32', 'UNCHECK');
INSERT INTO club_member_information (club_member_information_id, create_date, update_date, introduce, favorite_check)
VALUES (34, '2024-02-17 17:06:45.763210', '2024-02-17 17:06:45.763198', '테스트_클럽_지원_자기소개_33', 'UNCHECK');
INSERT INTO club_member_information (club_member_information_id, create_date, update_date, introduce, favorite_check)
VALUES (35, '2024-02-17 17:06:45.763620', '2024-02-17 17:06:45.763609', '테스트_클럽_지원_자기소개_34', 'UNCHECK');
INSERT INTO club_member_information (club_member_information_id, create_date, update_date, introduce, favorite_check)
VALUES (36, '2024-02-17 17:06:45.764123', '2024-02-17 17:06:45.764111', '테스트_클럽_지원_자기소개_35', 'CHECK');
INSERT INTO club_member_information (club_member_information_id, create_date, update_date, introduce, favorite_check)
VALUES (37, '2024-02-17 17:06:45.764514', '2024-02-17 17:06:45.764501', '테스트_클럽_지원_자기소개_36', 'UNCHECK');
INSERT INTO club_member_information (club_member_information_id, create_date, update_date, introduce, favorite_check)
VALUES (38, '2024-02-17 17:06:45.764908', '2024-02-17 17:06:45.764897', '테스트_클럽_지원_자기소개_37', 'UNCHECK');
INSERT INTO club_member_information (club_member_information_id, create_date, update_date, introduce, favorite_check)
VALUES (39, '2024-02-17 17:06:45.765289', '2024-02-17 17:06:45.765277', '테스트_클럽_지원_자기소개_38', 'UNCHECK');
INSERT INTO club_member_information (club_member_information_id, create_date, update_date, introduce, favorite_check)
VALUES (40, '2024-02-17 17:06:45.765674', '2024-02-17 17:06:45.765663', '테스트_클럽_지원_자기소개_39', 'UNCHECK');
INSERT INTO club_member_information (club_member_information_id, create_date, update_date, introduce, favorite_check)
VALUES (41, '2024-02-17 17:06:45.766057', '2024-02-17 17:06:45.766045', '테스트_클럽_지원_자기소개_40', 'CHECK');
INSERT INTO club_member_information (club_member_information_id, create_date, update_date, introduce, favorite_check)
VALUES (42, '2024-02-17 17:06:45.766412', '2024-02-17 17:06:45.766401', '테스트_클럽_지원_자기소개_41', 'UNCHECK');
INSERT INTO club_member_information (club_member_information_id, create_date, update_date, introduce, favorite_check)
VALUES (43, '2024-02-17 17:06:45.766785', '2024-02-17 17:06:45.766773', '테스트_클럽_지원_자기소개_42', 'UNCHECK');
INSERT INTO club_member_information (club_member_information_id, create_date, update_date, introduce, favorite_check)
VALUES (44, '2024-02-17 17:06:45.767230', '2024-02-17 17:06:45.767212', '테스트_클럽_지원_자기소개_43', 'CHECK');
INSERT INTO club_member_information (club_member_information_id, create_date, update_date, introduce, favorite_check)
VALUES (45, '2024-02-17 17:06:45.767613', '2024-02-17 17:06:45.767597', '테스트_클럽_지원_자기소개_44', 'UNCHECK');
INSERT INTO club_member_information (club_member_information_id, create_date, update_date, introduce, favorite_check)
VALUES (46, '2024-02-17 17:06:45.768035', '2024-02-17 17:06:45.768021', '테스트_클럽_지원_자기소개_45', 'UNCHECK');
INSERT INTO club_member_information (club_member_information_id, create_date, update_date, introduce, favorite_check)
VALUES (47, '2024-02-17 17:06:45.768444', '2024-02-17 17:06:45.768431', '테스트_클럽_지원_자기소개_46', 'UNCHECK');
INSERT INTO club_member_information (club_member_information_id, create_date, update_date, introduce, favorite_check)
VALUES (48, '2024-02-17 17:06:45.768837', '2024-02-17 17:06:45.768825', '테스트_클럽_지원_자기소개_47', 'CHECK');
INSERT INTO club_member_information (club_member_information_id, create_date, update_date, introduce, favorite_check)
VALUES (49, '2024-02-17 17:06:45.769205', '2024-02-17 17:06:45.769193', '테스트_클럽_지원_자기소개_48', 'UNCHECK');
INSERT INTO club_member_information (club_member_information_id, create_date, update_date, introduce, favorite_check)
VALUES (50, '2024-02-17 17:06:45.769606', '2024-02-17 17:06:45.769594', '테스트_클럽_지원_자기소개_49', 'UNCHECK');
INSERT INTO club_member_information (club_member_information_id, create_date, update_date, introduce, favorite_check)
VALUES (51, '2024-02-17 17:06:45.992481', '2024-02-17 17:06:45.992459', '테스트_클럽_지원_자기소개_50', 'CHECK');
INSERT INTO club_member_information (club_member_information_id, create_date, update_date, introduce, favorite_check)
VALUES (52, '2024-02-17 17:06:45.993029', '2024-02-17 17:06:45.993015', '테스트_클럽_지원_자기소개_15', 'UNCHECK');
INSERT INTO club_member_information (club_member_information_id, create_date, update_date, introduce, favorite_check)
VALUES (53, '2024-02-17 17:06:45.993668', '2024-02-17 17:06:45.993646', '테스트_클럽_지원_자기소개_52', 'UNCHECK');
INSERT INTO club_member_information (club_member_information_id, create_date, update_date, introduce, favorite_check)
VALUES (54, '2024-02-17 17:06:45.994116', '2024-02-17 17:06:45.994095', '테스트_클럽_지원_자기소개_53', 'UNCHECK');
INSERT INTO club_member_information (club_member_information_id, create_date, update_date, introduce, favorite_check)
VALUES (55, '2024-02-17 17:06:45.994590', '2024-02-17 17:06:45.994577', '테스트_클럽_지원_자기소개_54', 'CHECK');
INSERT INTO club_member_information (club_member_information_id, create_date, update_date, introduce, favorite_check)
VALUES (56, '2024-02-17 17:06:45.995142', '2024-02-17 17:06:45.995115', '테스트_클럽_지원_자기소개_55', 'UNCHECK');
INSERT INTO club_member_information (club_member_information_id, create_date, update_date, introduce, favorite_check)
VALUES (57, '2024-02-17 17:06:45.995631', '2024-02-17 17:06:45.995619', '테스트_클럽_지원_자기소개_56', 'UNCHECK');
INSERT INTO club_member_information (club_member_information_id, create_date, update_date, introduce, favorite_check)
VALUES (58, '2024-02-17 17:06:45.996102', '2024-02-17 17:06:45.996083', '테스트_클럽_지원_자기소개_57', 'CHECK');
INSERT INTO club_member_information (club_member_information_id, create_date, update_date, introduce, favorite_check)
VALUES (59, '2024-02-17 17:06:45.996485', '2024-02-17 17:06:45.996470', '테스트_클럽_지원_자기소개_58', 'UNCHECK');
INSERT INTO club_member_information (club_member_information_id, create_date, update_date, introduce, favorite_check)
VALUES (60, '2024-02-17 17:06:45.996884', '2024-02-17 17:06:45.996859', '테스트_클럽_지원_자기소개_59', 'CHECK');
INSERT INTO club_member_information (club_member_information_id, create_date, update_date, introduce, favorite_check)
VALUES (61, '2024-02-17 17:06:45.997296', '2024-02-17 17:06:45.997280', '테스트_클럽_지원_자기소개_60', 'UNCHECK');
INSERT INTO club_member_information (club_member_information_id, create_date, update_date, introduce, favorite_check)
VALUES (62, '2024-02-17 17:06:45.997639', '2024-02-17 17:06:45.997625', '테스트_클럽_지원_자기소개_61', 'CHECK');
INSERT INTO club_member_information (club_member_information_id, create_date, update_date, introduce, favorite_check)
VALUES (63, '2024-02-17 17:06:45.998087', '2024-02-17 17:06:45.998076', '테스트_클럽_지원_자기소개_62', 'UNCHECK');
INSERT INTO club_member_information (club_member_information_id, create_date, update_date, introduce, favorite_check)
VALUES (64, '2024-02-17 17:06:45.998469', '2024-02-17 17:06:45.998457', '테스트_클럽_지원_자기소개_63', 'UNCHECK');
INSERT INTO club_member_information (club_member_information_id, create_date, update_date, introduce, favorite_check)
VALUES (65, '2024-02-17 17:06:45.998800', '2024-02-17 17:06:45.998789', '테스트_클럽_지원_자기소개_64', 'UNCHECK');
INSERT INTO club_member_information (club_member_information_id, create_date, update_date, introduce, favorite_check)
VALUES (66, '2024-02-17 17:06:45.999143', '2024-02-17 17:06:45.999132', '테스트_클럽_지원_자기소개_65', 'CHECK');
INSERT INTO club_member_information (club_member_information_id, create_date, update_date, introduce, favorite_check)
VALUES (67, '2024-02-17 17:06:45.999463', '2024-02-17 17:06:45.999452', '테스트_클럽_지원_자기소개_66', 'UNCHECK');
INSERT INTO club_member_information (club_member_information_id, create_date, update_date, introduce, favorite_check)
VALUES (68, '2024-02-17 17:06:45.999769', '2024-02-17 17:06:45.999759', '테스트_클럽_지원_자기소개_67', 'CHECK');
INSERT INTO club_member_information (club_member_information_id, create_date, update_date, introduce, favorite_check)
VALUES (69, '2024-02-17 17:06:46.000088', '2024-02-17 17:06:46.000078', '테스트_클럽_지원_자기소개_68', 'UNCHECK');
INSERT INTO club_member_information (club_member_information_id, create_date, update_date, introduce, favorite_check)
VALUES (70, '2024-02-17 17:06:46.000449', '2024-02-17 17:06:46.000421', '테스트_클럽_지원_자기소개_69', 'CHECK');
INSERT INTO club_member_information (club_member_information_id, create_date, update_date, introduce, favorite_check)
VALUES (71, '2024-02-17 17:06:46.000766', '2024-02-17 17:06:46.000747', '테스트_클럽_지원_자기소개_70', 'UNCHECK');
INSERT INTO club_member_information (club_member_information_id, create_date, update_date, introduce, favorite_check)
VALUES (72, '2024-02-17 17:06:46.001112', '2024-02-17 17:06:46.001094', '테스트_클럽_지원_자기소개_71', 'UNCHECK');
INSERT INTO club_member_information (club_member_information_id, create_date, update_date, introduce, favorite_check)
VALUES (73, '2024-02-17 17:06:46.001493', '2024-02-17 17:06:46.001482', '테스트_클럽_지원_자기소개_72', 'UNCHECK');
INSERT INTO club_member_information (club_member_information_id, create_date, update_date, introduce, favorite_check)
VALUES (74, '2024-02-17 17:06:46.001903', '2024-02-17 17:06:46.001887', '테스트_클럽_지원_자기소개_73', 'UNCHECK');
INSERT INTO club_member_information (club_member_information_id, create_date, update_date, introduce, favorite_check)
VALUES (75, '2024-02-17 17:06:46.002345', '2024-02-17 17:06:46.002263', '테스트_클럽_지원_자기소개_74', 'CHECK');
INSERT INTO club_member_information (club_member_information_id, create_date, update_date, introduce, favorite_check)
VALUES (76, '2024-02-17 17:06:46.002813', '2024-02-17 17:06:46.002796', '테스트_클럽_지원_자기소개_75', 'UNCHECK');
INSERT INTO club_member_information (club_member_information_id, create_date, update_date, introduce, favorite_check)
VALUES (77, '2024-02-17 17:06:46.003226', '2024-02-17 17:06:46.003214', '테스트_클럽_지원_자기소개_76', 'UNCHECK');
INSERT INTO club_member_information (club_member_information_id, create_date, update_date, introduce, favorite_check)
VALUES (78, '2024-02-17 17:06:46.003613', '2024-02-17 17:06:46.003602', '테스트_클럽_지원_자기소개_77', 'CHECK');
INSERT INTO club_member_information (club_member_information_id, create_date, update_date, introduce, favorite_check)
VALUES (79, '2024-02-17 17:06:46.003958', '2024-02-17 17:06:46.003946', '테스트_클럽_지원_자기소개_78', 'UNCHECK');
INSERT INTO club_member_information (club_member_information_id, create_date, update_date, introduce, favorite_check)
VALUES (80, '2024-02-17 17:06:46.004311', '2024-02-17 17:06:46.004299', '테스트_클럽_지원_자기소개_79', 'UNCHECK');
INSERT INTO club_member_information (club_member_information_id, create_date, update_date, introduce, favorite_check)
VALUES (81, '2024-02-17 17:06:46.265749', '2024-02-17 17:06:46.265739', '테스트_클럽_지원_자기소개_80', 'UNCHECK');
INSERT INTO club_member_information (club_member_information_id, create_date, update_date, introduce, favorite_check)
VALUES (82, '2024-02-17 17:06:46.266033', '2024-02-17 17:06:46.266025', '테스트_클럽_지원_자기소개_81', 'CHECK');
INSERT INTO club_member_information (club_member_information_id, create_date, update_date, introduce, favorite_check)
VALUES (83, '2024-02-17 17:06:46.266306', '2024-02-17 17:06:46.266298', '테스트_클럽_지원_자기소개_82', 'UNCHECK');
INSERT INTO club_member_information (club_member_information_id, create_date, update_date, introduce, favorite_check)
VALUES (84, '2024-02-17 17:06:46.266577', '2024-02-17 17:06:46.266569', '테스트_클럽_지원_자기소개_83', 'CHECK');
INSERT INTO club_member_information (club_member_information_id, create_date, update_date, introduce, favorite_check)
VALUES (85, '2024-02-17 17:06:46.266895', '2024-02-17 17:06:46.266878', '테스트_클럽_지원_자기소개_84', 'UNCHECK');
INSERT INTO club_member_information (club_member_information_id, create_date, update_date, introduce, favorite_check)
VALUES (86, '2024-02-17 17:06:46.267200', '2024-02-17 17:06:46.267192', '테스트_클럽_지원_자기소개_85', 'UNCHECK');
INSERT INTO club_member_information (club_member_information_id, create_date, update_date, introduce, favorite_check)
VALUES (87, '2024-02-17 17:06:46.267482', '2024-02-17 17:06:46.267473', '테스트_클럽_지원_자기소개_86', 'CHECK');
INSERT INTO club_member_information (club_member_information_id, create_date, update_date, introduce, favorite_check)
VALUES (88, '2024-02-17 17:06:46.267739', '2024-02-17 17:06:46.267731', '테스트_클럽_지원_자기소개_87', 'UNCHECK');
INSERT INTO club_member_information (club_member_information_id, create_date, update_date, introduce, favorite_check)
VALUES (89, '2024-02-17 17:06:46.268011', '2024-02-17 17:06:46.268004', '테스트_클럽_지원_자기소개_88', 'UNCHECK');
INSERT INTO club_member_information (club_member_information_id, create_date, update_date, introduce, favorite_check)
VALUES (90, '2024-02-17 17:06:46.268270', '2024-02-17 17:06:46.268263', '테스트_클럽_지원_자기소개_89', 'CHECK');
INSERT INTO club_member_information (club_member_information_id, create_date, update_date, introduce, favorite_check)
VALUES (91, '2024-02-17 17:06:46.358958', '2024-02-17 17:06:46.358943', '테스트_클럽_지원_자기소개_90', 'UNCHECK');
INSERT INTO club_member_information (club_member_information_id, create_date, update_date, introduce, favorite_check)
VALUES (92, '2024-02-17 17:06:46.359248', '2024-02-17 17:06:46.359239', '테스트_클럽_지원_자기소개_4', 'UNCHECK');
INSERT INTO club_member_information (club_member_information_id, create_date, update_date, introduce, favorite_check)
VALUES (93, '2024-02-17 17:06:46.359553', '2024-02-17 17:06:46.359544', '테스트_클럽_지원_자기소개_92', 'CHECK');
INSERT INTO club_member_information (club_member_information_id, create_date, update_date, introduce, favorite_check)
VALUES (94, '2024-02-17 17:06:46.359834', '2024-02-17 17:06:46.359826', '테스트_클럽_지원_자기소개_93', 'UNCHECK');
INSERT INTO club_member_information (club_member_information_id, create_date, update_date, introduce, favorite_check)
VALUES (95, '2024-02-17 17:06:46.360133', '2024-02-17 17:06:46.360125', '테스트_클럽_지원_자기소개_94', 'UNCHECK');
INSERT INTO club_member_information (club_member_information_id, create_date, update_date, introduce, favorite_check)
VALUES (96, '2024-02-17 17:06:46.360424', '2024-02-17 17:06:46.360415', '테스트_클럽_지원_자기소개_95', 'CHECK');
INSERT INTO club_member_information (club_member_information_id, create_date, update_date, introduce, favorite_check)
VALUES (97, '2024-02-17 17:06:46.360691', '2024-02-17 17:06:46.360684', '테스트_클럽_지원_자기소개_96', 'UNCHECK');
INSERT INTO club_member_information (club_member_information_id, create_date, update_date, introduce, favorite_check)
VALUES (98, '2024-02-17 17:06:46.360949', '2024-02-17 17:06:46.360942', '테스트_클럽_지원_자기소개_97', 'UNCHECK');
INSERT INTO club_member_information (club_member_information_id, create_date, update_date, introduce, favorite_check)
VALUES (99, '2024-02-17 17:06:46.361246', '2024-02-17 17:06:46.361228', '테스트_클럽_지원_자기소개_98', 'UNCHECK');
INSERT INTO club_member_information (club_member_information_id, create_date, update_date, introduce, favorite_check)
VALUES (100, '2024-02-17 17:06:46.361513', '2024-02-17 17:06:46.361506', '테스트_클럽_지원_자기소개_99', 'UNCHECK');


-- member
INSERT INTO member (member_id, create_date, update_date, email, first_name, last_name, major, nick_name, registration,
                    student_id)
VALUES (1, '2024-02-17 17:06:45.205417', '2024-02-17 17:06:45.204054', 'test0@example.com', '성_0', '이름_0', '테스트_전공_0',
        'TEST_NICK_NAME_0', '2024', '20242024');
INSERT INTO member (member_id, create_date, update_date, email, first_name, last_name, major, nick_name, registration,
                    student_id)
VALUES (2, '2024-02-17 17:06:45.207266', '2024-02-17 17:06:45.207185', 'test1@example.com', '성_1', '이름_1', '테스트_전공_1',
        'TEST_NICK_NAME_1', '2024', '20242024');
INSERT INTO member (member_id, create_date, update_date, email, first_name, last_name, major, nick_name, registration,
                    student_id)
VALUES (3, '2024-02-17 17:06:45.208573', '2024-02-17 17:06:45.208499', 'test2@example.com', '성_2', '이름_2', '테스트_전공_2',
        'TEST_NICK_NAME_2', '2024', '20242024');
INSERT INTO member (member_id, create_date, update_date, email, first_name, last_name, major, nick_name, registration,
                    student_id)
VALUES (4, '2024-02-17 17:06:45.209807', '2024-02-17 17:06:45.209736', 'test3@example.com', '성_3', '이름_3', '테스트_전공_3',
        'TEST_NICK_NAME_3', '2024', '20242024');
INSERT INTO member (member_id, create_date, update_date, email, first_name, last_name, major, nick_name, registration,
                    student_id)
VALUES (5, '2024-02-17 17:06:45.210957', '2024-02-17 17:06:45.210874', 'test4@example.com', '성_4', '이름_4', '테스트_전공_4',
        'TEST_NICK_NAME_4', '2024', '20242024');
INSERT INTO member (member_id, create_date, update_date, email, first_name, last_name, major, nick_name, registration,
                    student_id)
VALUES (6, '2024-02-17 17:06:45.212082', '2024-02-17 17:06:45.212012', 'test5@example.com', '성_5', '이름_5', '테스트_전공_5',
        'TEST_NICK_NAME_5', '2024', '20242024');
INSERT INTO member (member_id, create_date, update_date, email, first_name, last_name, major, nick_name, registration,
                    student_id)
VALUES (7, '2024-02-17 17:06:45.213619', '2024-02-17 17:06:45.213546', 'test6@example.com', '성_6', '이름_6', '테스트_전공_6',
        'TEST_NICK_NAME_6', '2024', '20242024');
INSERT INTO member (member_id, create_date, update_date, email, first_name, last_name, major, nick_name, registration,
                    student_id)
VALUES (8, '2024-02-17 17:06:45.214602', '2024-02-17 17:06:45.214538', 'test7@example.com', '성_7', '이름_7', '테스트_전공_7',
        'TEST_NICK_NAME_7', '2024', '20242024');
INSERT INTO member (member_id, create_date, update_date, email, first_name, last_name, major, nick_name, registration,
                    student_id)
VALUES (9, '2024-02-17 17:06:45.215630', '2024-02-17 17:06:45.215548', 'test8@example.com', '성_8', '이름_8', '테스트_전공_8',
        'TEST_NICK_NAME_8', '2024', '20242024');
INSERT INTO member (member_id, create_date, update_date, email, first_name, last_name, major, nick_name, registration,
                    student_id)
VALUES (10, '2024-02-17 17:06:45.217134', '2024-02-17 17:06:45.217058', 'test9@example.com', '성_9', '이름_9', '테스트_전공_9',
        'TEST_NICK_NAME_9', '2024', '20242024');
INSERT INTO member (member_id, create_date, update_date, email, first_name, last_name, major, nick_name, registration,
                    student_id)
VALUES (11, '2024-02-17 17:06:45.218674', '2024-02-17 17:06:45.218604', 'test10@example.com', '성_10', '이름_10',
        '테스트_전공_10', 'TEST_NICK_NAME_10', '2024', '20242024');
INSERT INTO member (member_id, create_date, update_date, email, first_name, last_name, major, nick_name, registration,
                    student_id)
VALUES (12, '2024-02-17 17:06:45.219996', '2024-02-17 17:06:45.219929', 'test11@example.com', '성_11', '이름_11',
        '테스트_전공_11', 'TEST_NICK_NAME_11', '2024', '20242024');
INSERT INTO member (member_id, create_date, update_date, email, first_name, last_name, major, nick_name, registration,
                    student_id)
VALUES (13, '2024-02-17 17:06:45.221256', '2024-02-17 17:06:45.221183', 'test12@example.com', '성_12', '이름_12',
        '테스트_전공_12', 'TEST_NICK_NAME_12', '2024', '20242024');
INSERT INTO member (member_id, create_date, update_date, email, first_name, last_name, major, nick_name, registration,
                    student_id)
VALUES (14, '2024-02-17 17:06:45.222440', '2024-02-17 17:06:45.222371', 'test13@example.com', '성_13', '이름_13',
        '테스트_전공_13', 'TEST_NICK_NAME_13', '2024', '20242024');
INSERT INTO member (member_id, create_date, update_date, email, first_name, last_name, major, nick_name, registration,
                    student_id)
VALUES (15, '2024-02-17 17:06:45.223584', '2024-02-17 17:06:45.223516', 'test14@example.com', '성_14', '이름_14',
        '테스트_전공_14', 'TEST_NICK_NAME_14', '2024', '20242024');
INSERT INTO member (member_id, create_date, update_date, email, first_name, last_name, major, nick_name, registration,
                    student_id)
VALUES (16, '2024-02-17 17:06:45.225018', '2024-02-17 17:06:45.224663', 'test15@example.com', '성_15', '이름_15',
        '테스트_전공_15', 'TEST_NICK_NAME_15', '2024', '20242024');
INSERT INTO member (member_id, create_date, update_date, email, first_name, last_name, major, nick_name, registration,
                    student_id)
VALUES (17, '2024-02-17 17:06:45.226181', '2024-02-17 17:06:45.226108', 'test16@example.com', '성_16', '이름_16',
        '테스트_전공_16', 'TEST_NICK_NAME_16', '2024', '20242024');
INSERT INTO member (member_id, create_date, update_date, email, first_name, last_name, major, nick_name, registration,
                    student_id)
VALUES (18, '2024-02-17 17:06:45.227351', '2024-02-17 17:06:45.227265', 'test17@example.com', '성_17', '이름_17',
        '테스트_전공_17', 'TEST_NICK_NAME_17', '2024', '20242024');
INSERT INTO member (member_id, create_date, update_date, email, first_name, last_name, major, nick_name, registration,
                    student_id)
VALUES (19, '2024-02-17 17:06:45.228633', '2024-02-17 17:06:45.228569', 'test18@example.com', '성_18', '이름_18',
        '테스트_전공_18', 'TEST_NICK_NAME_18', '2024', '20242024');
INSERT INTO member (member_id, create_date, update_date, email, first_name, last_name, major, nick_name, registration,
                    student_id)
VALUES (20, '2024-02-17 17:06:45.230176', '2024-02-17 17:06:45.230116', 'test19@example.com', '성_19', '이름_19',
        '테스트_전공_19', 'TEST_NICK_NAME_19', '2024', '20242024');
INSERT INTO member (member_id, create_date, update_date, email, first_name, last_name, major, nick_name, registration,
                    student_id)
VALUES (21, '2024-02-17 17:06:45.231283', '2024-02-17 17:06:45.231216', 'test20@example.com', '성_20', '이름_20',
        '테스트_전공_20', 'TEST_NICK_NAME_20', '2024', '20242024');
INSERT INTO member (member_id, create_date, update_date, email, first_name, last_name, major, nick_name, registration,
                    student_id)
VALUES (22, '2024-02-17 17:06:45.233061', '2024-02-17 17:06:45.232974', 'test21@example.com', '성_21', '이름_21',
        '테스트_전공_21', 'TEST_NICK_NAME_21', '2024', '20242024');
INSERT INTO member (member_id, create_date, update_date, email, first_name, last_name, major, nick_name, registration,
                    student_id)
VALUES (23, '2024-02-17 17:06:45.234185', '2024-02-17 17:06:45.234105', 'test22@example.com', '성_22', '이름_22',
        '테스트_전공_22', 'TEST_NICK_NAME_22', '2024', '20242024');
INSERT INTO member (member_id, create_date, update_date, email, first_name, last_name, major, nick_name, registration,
                    student_id)
VALUES (24, '2024-02-17 17:06:45.235232', '2024-02-17 17:06:45.235168', 'test23@example.com', '성_23', '이름_23',
        '테스트_전공_23', 'TEST_NICK_NAME_23', '2024', '20242024');
INSERT INTO member (member_id, create_date, update_date, email, first_name, last_name, major, nick_name, registration,
                    student_id)
VALUES (25, '2024-02-17 17:06:45.236595', '2024-02-17 17:06:45.236527', 'test24@example.com', '성_24', '이름_24',
        '테스트_전공_24', 'TEST_NICK_NAME_24', '2024', '20242024');
INSERT INTO member (member_id, create_date, update_date, email, first_name, last_name, major, nick_name, registration,
                    student_id)
VALUES (26, '2024-02-17 17:06:45.238103', '2024-02-17 17:06:45.238027', 'test25@example.com', '성_25', '이름_25',
        '테스트_전공_25', 'TEST_NICK_NAME_25', '2024', '20242024');
INSERT INTO member (member_id, create_date, update_date, email, first_name, last_name, major, nick_name, registration,
                    student_id)
VALUES (27, '2024-02-17 17:06:45.239041', '2024-02-17 17:06:45.238985', 'test26@example.com', '성_26', '이름_26',
        '테스트_전공_26', 'TEST_NICK_NAME_26', '2024', '20242024');
INSERT INTO member (member_id, create_date, update_date, email, first_name, last_name, major, nick_name, registration,
                    student_id)
VALUES (28, '2024-02-17 17:06:45.240387', '2024-02-17 17:06:45.240300', 'test27@example.com', '성_27', '이름_27',
        '테스트_전공_27', 'TEST_NICK_NAME_27', '2024', '20242024');
INSERT INTO member (member_id, create_date, update_date, email, first_name, last_name, major, nick_name, registration,
                    student_id)
VALUES (29, '2024-02-17 17:06:45.241579', '2024-02-17 17:06:45.241507', 'test28@example.com', '성_28', '이름_28',
        '테스트_전공_28', 'TEST_NICK_NAME_28', '2024', '20242024');
INSERT INTO member (member_id, create_date, update_date, email, first_name, last_name, major, nick_name, registration,
                    student_id)
VALUES (30, '2024-02-17 17:06:45.243244', '2024-02-17 17:06:45.242599', 'test29@example.com', '성_29', '이름_29',
        '테스트_전공_29', 'TEST_NICK_NAME_29', '2024', '20242024');
INSERT INTO member (member_id, create_date, update_date, email, first_name, last_name, major, nick_name, registration,
                    student_id)
VALUES (31, '2024-02-17 17:06:45.752776', '2024-02-17 17:06:45.752737', 'test30@example.com', '성_30', '이름_30',
        '테스트_전공_30', 'TEST_NICK_NAME_30', '2024', '20242024');
INSERT INTO member (member_id, create_date, update_date, email, first_name, last_name, major, nick_name, registration,
                    student_id)
VALUES (32, '2024-02-17 17:06:45.753370', '2024-02-17 17:06:45.753345', 'test31@example.com', '성_31', '이름_31',
        '테스트_전공_31', 'TEST_NICK_NAME_31', '2024', '20242024');
INSERT INTO member (member_id, create_date, update_date, email, first_name, last_name, major, nick_name, registration,
                    student_id)
VALUES (33, '2024-02-17 17:06:45.753879', '2024-02-17 17:06:45.753860', 'test32@example.com', '성_32', '이름_32',
        '테스트_전공_32', 'TEST_NICK_NAME_32', '2024', '20242024');
INSERT INTO member (member_id, create_date, update_date, email, first_name, last_name, major, nick_name, registration,
                    student_id)
VALUES (34, '2024-02-17 17:06:45.754347', '2024-02-17 17:06:45.754324', 'test33@example.com', '성_33', '이름_33',
        '테스트_전공_33', 'TEST_NICK_NAME_33', '2024', '20242024');
INSERT INTO member (member_id, create_date, update_date, email, first_name, last_name, major, nick_name, registration,
                    student_id)
VALUES (35, '2024-02-17 17:06:45.754790', '2024-02-17 17:06:45.754774', 'test34@example.com', '성_34', '이름_34',
        '테스트_전공_34', 'TEST_NICK_NAME_34', '2024', '20242024');
INSERT INTO member (member_id, create_date, update_date, email, first_name, last_name, major, nick_name, registration,
                    student_id)
VALUES (36, '2024-02-17 17:06:45.755220', '2024-02-17 17:06:45.755204', 'test35@example.com', '성_35', '이름_35',
        '테스트_전공_35', 'TEST_NICK_NAME_35', '2024', '20242024');
INSERT INTO member (member_id, create_date, update_date, email, first_name, last_name, major, nick_name, registration,
                    student_id)
VALUES (37, '2024-02-17 17:06:45.755640', '2024-02-17 17:06:45.755622', 'test36@example.com', '성_36', '이름_36',
        '테스트_전공_36', 'TEST_NICK_NAME_36', '2024', '20242024');
INSERT INTO member (member_id, create_date, update_date, email, first_name, last_name, major, nick_name, registration,
                    student_id)
VALUES (38, '2024-02-17 17:06:45.756079', '2024-02-17 17:06:45.756062', 'test37@example.com', '성_37', '이름_37',
        '테스트_전공_37', 'TEST_NICK_NAME_37', '2024', '20242024');
INSERT INTO member (member_id, create_date, update_date, email, first_name, last_name, major, nick_name, registration,
                    student_id)
VALUES (39, '2024-02-17 17:06:45.756510', '2024-02-17 17:06:45.756494', 'test38@example.com', '성_38', '이름_38',
        '테스트_전공_38', 'TEST_NICK_NAME_38', '2024', '20242024');
INSERT INTO member (member_id, create_date, update_date, email, first_name, last_name, major, nick_name, registration,
                    student_id)
VALUES (40, '2024-02-17 17:06:45.756922', '2024-02-17 17:06:45.756906', 'test39@example.com', '성_39', '이름_39',
        '테스트_전공_39', 'TEST_NICK_NAME_39', '2024', '20242024');
INSERT INTO member (member_id, create_date, update_date, email, first_name, last_name, major, nick_name, registration,
                    student_id)
VALUES (41, '2024-02-17 17:06:45.757329', '2024-02-17 17:06:45.757313', 'test40@example.com', '성_40', '이름_40',
        '테스트_전공_40', 'TEST_NICK_NAME_40', '2024', '20242024');
INSERT INTO member (member_id, create_date, update_date, email, first_name, last_name, major, nick_name, registration,
                    student_id)
VALUES (42, '2024-02-17 17:06:45.757757', '2024-02-17 17:06:45.757739', 'test41@example.com', '성_41', '이름_41',
        '테스트_전공_41', 'TEST_NICK_NAME_41', '2024', '20242024');
INSERT INTO member (member_id, create_date, update_date, email, first_name, last_name, major, nick_name, registration,
                    student_id)
VALUES (43, '2024-02-17 17:06:45.758183', '2024-02-17 17:06:45.758166', 'test42@example.com', '성_42', '이름_42',
        '테스트_전공_42', 'TEST_NICK_NAME_42', '2024', '20242024');
INSERT INTO member (member_id, create_date, update_date, email, first_name, last_name, major, nick_name, registration,
                    student_id)
VALUES (44, '2024-02-17 17:06:45.758764', '2024-02-17 17:06:45.758751', 'test43@example.com', '성_43', '이름_43',
        '테스트_전공_43', 'TEST_NICK_NAME_43', '2024', '20242024');
INSERT INTO member (member_id, create_date, update_date, email, first_name, last_name, major, nick_name, registration,
                    student_id)
VALUES (45, '2024-02-17 17:06:45.759170', '2024-02-17 17:06:45.759156', 'test44@example.com', '성_44', '이름_44',
        '테스트_전공_44', 'TEST_NICK_NAME_44', '2024', '20242024');
INSERT INTO member (member_id, create_date, update_date, email, first_name, last_name, major, nick_name, registration,
                    student_id)
VALUES (46, '2024-02-17 17:06:45.759646', '2024-02-17 17:06:45.759611', 'test45@example.com', '성_45', '이름_45',
        '테스트_전공_45', 'TEST_NICK_NAME_45', '2024', '20242024');
INSERT INTO member (member_id, create_date, update_date, email, first_name, last_name, major, nick_name, registration,
                    student_id)
VALUES (47, '2024-02-17 17:06:45.760248', '2024-02-17 17:06:45.760227', 'test46@example.com', '성_46', '이름_46',
        '테스트_전공_46', 'TEST_NICK_NAME_46', '2024', '20242024');
INSERT INTO member (member_id, create_date, update_date, email, first_name, last_name, major, nick_name, registration,
                    student_id)
VALUES (48, '2024-02-17 17:06:45.760722', '2024-02-17 17:06:45.760707', 'test47@example.com', '성_47', '이름_47',
        '테스트_전공_47', 'TEST_NICK_NAME_47', '2024', '20242024');
INSERT INTO member (member_id, create_date, update_date, email, first_name, last_name, major, nick_name, registration,
                    student_id)
VALUES (49, '2024-02-17 17:06:45.761171', '2024-02-17 17:06:45.761156', 'test48@example.com', '성_48', '이름_48',
        '테스트_전공_48', 'TEST_NICK_NAME_48', '2024', '20242024');
INSERT INTO member (member_id, create_date, update_date, email, first_name, last_name, major, nick_name, registration,
                    student_id)
VALUES (50, '2024-02-17 17:06:45.761608', '2024-02-17 17:06:45.761594', 'test49@example.com', '성_49', '이름_49',
        '테스트_전공_49', 'TEST_NICK_NAME_49', '2024', '20242024');
INSERT INTO member (member_id, create_date, update_date, email, first_name, last_name, major, nick_name, registration,
                    student_id)
VALUES (51, '2024-02-17 17:06:45.979566', '2024-02-17 17:06:45.979521', 'test50@example.com', '성_50', '이름_50',
        '테스트_전공_50', 'TEST_NICK_NAME_50', '2024', '20242024');
INSERT INTO member (member_id, create_date, update_date, email, first_name, last_name, major, nick_name, registration,
                    student_id)
VALUES (52, '2024-02-17 17:06:45.980072', '2024-02-17 17:06:45.980048', 'test51@example.com', '성_51', '이름_51',
        '테스트_전공_51', 'TEST_NICK_NAME_51', '2024', '20242024');
INSERT INTO member (member_id, create_date, update_date, email, first_name, last_name, major, nick_name, registration,
                    student_id)
VALUES (53, '2024-02-17 17:06:45.980500', '2024-02-17 17:06:45.980480', 'test52@example.com', '성_52', '이름_52',
        '테스트_전공_52', 'TEST_NICK_NAME_52', '2024', '20242024');
INSERT INTO member (member_id, create_date, update_date, email, first_name, last_name, major, nick_name, registration,
                    student_id)
VALUES (54, '2024-02-17 17:06:45.980917', '2024-02-17 17:06:45.980898', 'test53@example.com', '성_53', '이름_53',
        '테스트_전공_53', 'TEST_NICK_NAME_53', '2024', '20242024');
INSERT INTO member (member_id, create_date, update_date, email, first_name, last_name, major, nick_name, registration,
                    student_id)
VALUES (55, '2024-02-17 17:06:45.981342', '2024-02-17 17:06:45.981323', 'test54@example.com', '성_54', '이름_54',
        '테스트_전공_54', 'TEST_NICK_NAME_54', '2024', '20242024');
INSERT INTO member (member_id, create_date, update_date, email, first_name, last_name, major, nick_name, registration,
                    student_id)
VALUES (56, '2024-02-17 17:06:45.981810', '2024-02-17 17:06:45.981789', 'test55@example.com', '성_55', '이름_55',
        '테스트_전공_55', 'TEST_NICK_NAME_55', '2024', '20242024');
INSERT INTO member (member_id, create_date, update_date, email, first_name, last_name, major, nick_name, registration,
                    student_id)
VALUES (57, '2024-02-17 17:06:45.982240', '2024-02-17 17:06:45.982226', 'test56@example.com', '성_56', '이름_56',
        '테스트_전공_56', 'TEST_NICK_NAME_56', '2024', '20242024');
INSERT INTO member (member_id, create_date, update_date, email, first_name, last_name, major, nick_name, registration,
                    student_id)
VALUES (58, '2024-02-17 17:06:45.982614', '2024-02-17 17:06:45.982598', 'test57@example.com', '성_57', '이름_57',
        '테스트_전공_57', 'TEST_NICK_NAME_57', '2024', '20242024');
INSERT INTO member (member_id, create_date, update_date, email, first_name, last_name, major, nick_name, registration,
                    student_id)
VALUES (59, '2024-02-17 17:06:45.983021', '2024-02-17 17:06:45.982999', 'test58@example.com', '성_58', '이름_58',
        '테스트_전공_58', 'TEST_NICK_NAME_58', '2024', '20242024');
INSERT INTO member (member_id, create_date, update_date, email, first_name, last_name, major, nick_name, registration,
                    student_id)
VALUES (60, '2024-02-17 17:06:45.983393', '2024-02-17 17:06:45.983379', 'test59@example.com', '성_59', '이름_59',
        '테스트_전공_59', 'TEST_NICK_NAME_59', '2024', '20242024');
INSERT INTO member (member_id, create_date, update_date, email, first_name, last_name, major, nick_name, registration,
                    student_id)
VALUES (61, '2024-02-17 17:06:45.983750', '2024-02-17 17:06:45.983738', 'test60@example.com', '성_60', '이름_60',
        '테스트_전공_60', 'TEST_NICK_NAME_60', '2024', '20242024');
INSERT INTO member (member_id, create_date, update_date, email, first_name, last_name, major, nick_name, registration,
                    student_id)
VALUES (62, '2024-02-17 17:06:45.984121', '2024-02-17 17:06:45.984103', 'test61@example.com', '성_61', '이름_61',
        '테스트_전공_61', 'TEST_NICK_NAME_61', '2024', '20242024');
INSERT INTO member (member_id, create_date, update_date, email, first_name, last_name, major, nick_name, registration,
                    student_id)
VALUES (63, '2024-02-17 17:06:45.984477', '2024-02-17 17:06:45.984466', 'test62@example.com', '성_62', '이름_62',
        '테스트_전공_62', 'TEST_NICK_NAME_62', '2024', '20242024');
INSERT INTO member (member_id, create_date, update_date, email, first_name, last_name, major, nick_name, registration,
                    student_id)
VALUES (64, '2024-02-17 17:06:45.984929', '2024-02-17 17:06:45.984905', 'test63@example.com', '성_63', '이름_63',
        '테스트_전공_63', 'TEST_NICK_NAME_63', '2024', '20242024');
INSERT INTO member (member_id, create_date, update_date, email, first_name, last_name, major, nick_name, registration,
                    student_id)
VALUES (65, '2024-02-17 17:06:45.985378', '2024-02-17 17:06:45.985359', 'test64@example.com', '성_64', '이름_64',
        '테스트_전공_64', 'TEST_NICK_NAME_64', '2024', '20242024');
INSERT INTO member (member_id, create_date, update_date, email, first_name, last_name, major, nick_name, registration,
                    student_id)
VALUES (66, '2024-02-17 17:06:45.985921', '2024-02-17 17:06:45.985907', 'test65@example.com', '성_65', '이름_65',
        '테스트_전공_65', 'TEST_NICK_NAME_65', '2024', '20242024');
INSERT INTO member (member_id, create_date, update_date, email, first_name, last_name, major, nick_name, registration,
                    student_id)
VALUES (67, '2024-02-17 17:06:45.986332', '2024-02-17 17:06:45.986311', 'test66@example.com', '성_66', '이름_66',
        '테스트_전공_66', 'TEST_NICK_NAME_66', '2024', '20242024');
INSERT INTO member (member_id, create_date, update_date, email, first_name, last_name, major, nick_name, registration,
                    student_id)
VALUES (68, '2024-02-17 17:06:45.986699', '2024-02-17 17:06:45.986685', 'test67@example.com', '성_67', '이름_67',
        '테스트_전공_67', 'TEST_NICK_NAME_67', '2024', '20242024');
INSERT INTO member (member_id, create_date, update_date, email, first_name, last_name, major, nick_name, registration,
                    student_id)
VALUES (69, '2024-02-17 17:06:45.987060', '2024-02-17 17:06:45.987043', 'test68@example.com', '성_68', '이름_68',
        '테스트_전공_68', 'TEST_NICK_NAME_68', '2024', '20242024');
INSERT INTO member (member_id, create_date, update_date, email, first_name, last_name, major, nick_name, registration,
                    student_id)
VALUES (70, '2024-02-17 17:06:45.987415', '2024-02-17 17:06:45.987401', 'test69@example.com', '성_69', '이름_69',
        '테스트_전공_69', 'TEST_NICK_NAME_69', '2024', '20242024');
INSERT INTO member (member_id, create_date, update_date, email, first_name, last_name, major, nick_name, registration,
                    student_id)
VALUES (71, '2024-02-17 17:06:45.987762', '2024-02-17 17:06:45.987750', 'test70@example.com', '성_70', '이름_70',
        '테스트_전공_70', 'TEST_NICK_NAME_70', '2024', '20242024');
INSERT INTO member (member_id, create_date, update_date, email, first_name, last_name, major, nick_name, registration,
                    student_id)
VALUES (72, '2024-02-17 17:06:45.988112', '2024-02-17 17:06:45.988096', 'test71@example.com', '성_71', '이름_71',
        '테스트_전공_71', 'TEST_NICK_NAME_71', '2024', '20242024');
INSERT INTO member (member_id, create_date, update_date, email, first_name, last_name, major, nick_name, registration,
                    student_id)
VALUES (73, '2024-02-17 17:06:45.988511', '2024-02-17 17:06:45.988490', 'test72@example.com', '성_72', '이름_72',
        '테스트_전공_72', 'TEST_NICK_NAME_72', '2024', '20242024');
INSERT INTO member (member_id, create_date, update_date, email, first_name, last_name, major, nick_name, registration,
                    student_id)
VALUES (74, '2024-02-17 17:06:45.988954', '2024-02-17 17:06:45.988938', 'test73@example.com', '성_73', '이름_73',
        '테스트_전공_73', 'TEST_NICK_NAME_73', '2024', '20242024');
INSERT INTO member (member_id, create_date, update_date, email, first_name, last_name, major, nick_name, registration,
                    student_id)
VALUES (75, '2024-02-17 17:06:45.989351', '2024-02-17 17:06:45.989337', 'test74@example.com', '성_74', '이름_74',
        '테스트_전공_74', 'TEST_NICK_NAME_74', '2024', '20242024');
INSERT INTO member (member_id, create_date, update_date, email, first_name, last_name, major, nick_name, registration,
                    student_id)
VALUES (76, '2024-02-17 17:06:45.989820', '2024-02-17 17:06:45.989803', 'test75@example.com', '성_75', '이름_75',
        '테스트_전공_75', 'TEST_NICK_NAME_75', '2024', '20242024');
INSERT INTO member (member_id, create_date, update_date, email, first_name, last_name, major, nick_name, registration,
                    student_id)
VALUES (77, '2024-02-17 17:06:45.990231', '2024-02-17 17:06:45.990211', 'test76@example.com', '성_76', '이름_76',
        '테스트_전공_76', 'TEST_NICK_NAME_76', '2024', '20242024');
INSERT INTO member (member_id, create_date, update_date, email, first_name, last_name, major, nick_name, registration,
                    student_id)
VALUES (78, '2024-02-17 17:06:45.990765', '2024-02-17 17:06:45.990750', 'test77@example.com', '성_77', '이름_77',
        '테스트_전공_77', 'TEST_NICK_NAME_77', '2024', '20242024');
INSERT INTO member (member_id, create_date, update_date, email, first_name, last_name, major, nick_name, registration,
                    student_id)
VALUES (79, '2024-02-17 17:06:45.991249', '2024-02-17 17:06:45.991220', 'test78@example.com', '성_78', '이름_78',
        '테스트_전공_78', 'TEST_NICK_NAME_78', '2024', '20242024');
INSERT INTO member (member_id, create_date, update_date, email, first_name, last_name, major, nick_name, registration,
                    student_id)
VALUES (80, '2024-02-17 17:06:45.991819', '2024-02-17 17:06:45.991802', 'test79@example.com', '성_79', '이름_79',
        '테스트_전공_79', 'TEST_NICK_NAME_79', '2024', '20242024');
INSERT INTO member (member_id, create_date, update_date, email, first_name, last_name, major, nick_name, registration,
                    student_id)
VALUES (81, '2024-02-17 17:06:46.261664', '2024-02-17 17:06:46.261632', 'test80@example.com', '성_80', '이름_80',
        '테스트_전공_80', 'TEST_NICK_NAME_80', '2024', '20242024');
INSERT INTO member (member_id, create_date, update_date, email, first_name, last_name, major, nick_name, registration,
                    student_id)
VALUES (82, '2024-02-17 17:06:46.262163', '2024-02-17 17:06:46.262146', 'test81@example.com', '성_81', '이름_81',
        '테스트_전공_81', 'TEST_NICK_NAME_81', '2024', '20242024');
INSERT INTO member (member_id, create_date, update_date, email, first_name, last_name, major, nick_name, registration,
                    student_id)
VALUES (83, '2024-02-17 17:06:46.262576', '2024-02-17 17:06:46.262561', 'test82@example.com', '성_82', '이름_82',
        '테스트_전공_82', 'TEST_NICK_NAME_82', '2024', '20242024');
INSERT INTO member (member_id, create_date, update_date, email, first_name, last_name, major, nick_name, registration,
                    student_id)
VALUES (84, '2024-02-17 17:06:46.263227', '2024-02-17 17:06:46.263189', 'test83@example.com', '성_83', '이름_83',
        '테스트_전공_83', 'TEST_NICK_NAME_83', '2024', '20242024');
INSERT INTO member (member_id, create_date, update_date, email, first_name, last_name, major, nick_name, registration,
                    student_id)
VALUES (85, '2024-02-17 17:06:46.263683', '2024-02-17 17:06:46.263656', 'test84@example.com', '성_84', '이름_84',
        '테스트_전공_84', 'TEST_NICK_NAME_84', '2024', '20242024');
INSERT INTO member (member_id, create_date, update_date, email, first_name, last_name, major, nick_name, registration,
                    student_id)
VALUES (86, '2024-02-17 17:06:46.264142', '2024-02-17 17:06:46.264129', 'test85@example.com', '성_85', '이름_85',
        '테스트_전공_85', 'TEST_NICK_NAME_85', '2024', '20242024');
INSERT INTO member (member_id, create_date, update_date, email, first_name, last_name, major, nick_name, registration,
                    student_id)
VALUES (87, '2024-02-17 17:06:46.264487', '2024-02-17 17:06:46.264474', 'test86@example.com', '성_86', '이름_86',
        '테스트_전공_86', 'TEST_NICK_NAME_86', '2024', '20242024');
INSERT INTO member (member_id, create_date, update_date, email, first_name, last_name, major, nick_name, registration,
                    student_id)
VALUES (88, '2024-02-17 17:06:46.264828', '2024-02-17 17:06:46.264817', 'test87@example.com', '성_87', '이름_87',
        '테스트_전공_87', 'TEST_NICK_NAME_87', '2024', '20242024');
INSERT INTO member (member_id, create_date, update_date, email, first_name, last_name, major, nick_name, registration,
                    student_id)
VALUES (89, '2024-02-17 17:06:46.265131', '2024-02-17 17:06:46.265121', 'test88@example.com', '성_88', '이름_88',
        '테스트_전공_88', 'TEST_NICK_NAME_88', '2024', '20242024');
INSERT INTO member (member_id, create_date, update_date, email, first_name, last_name, major, nick_name, registration,
                    student_id)
VALUES (90, '2024-02-17 17:06:46.265450', '2024-02-17 17:06:46.265440', 'test89@example.com', '성_89', '이름_89',
        '테스트_전공_89', 'TEST_NICK_NAME_89', '2024', '20242024');
INSERT INTO member (member_id, create_date, update_date, email, first_name, last_name, major, nick_name, registration,
                    student_id)
VALUES (91, '2024-02-17 17:06:46.355648', '2024-02-17 17:06:46.355622', 'test90@example.com', '성_90', '이름_90',
        '테스트_전공_90', 'TEST_NICK_NAME_90', '2024', '20242024');
INSERT INTO member (member_id, create_date, update_date, email, first_name, last_name, major, nick_name, registration,
                    student_id)
VALUES (92, '2024-02-17 17:06:46.356076', '2024-02-17 17:06:46.356059', 'test91@example.com', '성_91', '이름_91',
        '테스트_전공_91', 'TEST_NICK_NAME_91', '2024', '20242024');
INSERT INTO member (member_id, create_date, update_date, email, first_name, last_name, major, nick_name, registration,
                    student_id)
VALUES (93, '2024-02-17 17:06:46.356412', '2024-02-17 17:06:46.356400', 'test92@example.com', '성_92', '이름_92',
        '테스트_전공_92', 'TEST_NICK_NAME_92', '2024', '20242024');
INSERT INTO member (member_id, create_date, update_date, email, first_name, last_name, major, nick_name, registration,
                    student_id)
VALUES (94, '2024-02-17 17:06:46.356771', '2024-02-17 17:06:46.356760', 'test93@example.com', '성_93', '이름_93',
        '테스트_전공_93', 'TEST_NICK_NAME_93', '2024', '20242024');
INSERT INTO member (member_id, create_date, update_date, email, first_name, last_name, major, nick_name, registration,
                    student_id)
VALUES (95, '2024-02-17 17:06:46.357073', '2024-02-17 17:06:46.357064', 'test94@example.com', '성_94', '이름_94',
        '테스트_전공_94', 'TEST_NICK_NAME_94', '2024', '20242024');
INSERT INTO member (member_id, create_date, update_date, email, first_name, last_name, major, nick_name, registration,
                    student_id)
VALUES (96, '2024-02-17 17:06:46.357396', '2024-02-17 17:06:46.357387', 'test95@example.com', '성_95', '이름_95',
        '테스트_전공_95', 'TEST_NICK_NAME_95', '2024', '20242024');
INSERT INTO member (member_id, create_date, update_date, email, first_name, last_name, major, nick_name, registration,
                    student_id)
VALUES (97, '2024-02-17 17:06:46.357695', '2024-02-17 17:06:46.357685', 'test96@example.com', '성_96', '이름_96',
        '테스트_전공_96', 'TEST_NICK_NAME_96', '2024', '20242024');
INSERT INTO member (member_id, create_date, update_date, email, first_name, last_name, major, nick_name, registration,
                    student_id)
VALUES (98, '2024-02-17 17:06:46.357986', '2024-02-17 17:06:46.357977', 'test97@example.com', '성_97', '이름_97',
        '테스트_전공_97', 'TEST_NICK_NAME_97', '2024', '20242024');
INSERT INTO member (member_id, create_date, update_date, email, first_name, last_name, major, nick_name, registration,
                    student_id)
VALUES (99, '2024-02-17 17:06:46.358277', '2024-02-17 17:06:46.358268', 'test98@example.com', '성_98', '이름_98',
        '테스트_전공_98', 'TEST_NICK_NAME_98', '2024', '20242024');
INSERT INTO member (member_id, create_date, update_date, email, first_name, last_name, major, nick_name, registration,
                    student_id)
VALUES (100, '2024-02-17 17:06:46.358611', '2024-02-17 17:06:46.358598', 'test99@example.com', '성_99', '이름_99',
        '테스트_전공_99', 'TEST_NICK_NAME_99', '2024', '20242024');

-- club_member
INSERT INTO club_member (club_member_id, attendance_state_id, club_grade_id, club_id, club_member_information_id,
                         member_id)
VALUES (1, 1, 1, 1, 1, 1);
INSERT INTO club_member (club_member_id, attendance_state_id, club_grade_id, club_id, club_member_information_id,
                         member_id)
VALUES (2, 2, 2, 1, 2, 2);
INSERT INTO club_member (club_member_id, attendance_state_id, club_grade_id, club_id, club_member_information_id,
                         member_id)
VALUES (3, 3, 3, 1, 3, 3);
INSERT INTO club_member (club_member_id, attendance_state_id, club_grade_id, club_id, club_member_information_id,
                         member_id)
VALUES (4, 4, 3, 1, 4, 4);
INSERT INTO club_member (club_member_id, attendance_state_id, club_grade_id, club_id, club_member_information_id,
                         member_id)
VALUES (5, 5, 3, 1, 5, 5);
INSERT INTO club_member (club_member_id, attendance_state_id, club_grade_id, club_id, club_member_information_id,
                         member_id)
VALUES (6, 6, 3, 1, 6, 6);
INSERT INTO club_member (club_member_id, attendance_state_id, club_grade_id, club_id, club_member_information_id,
                         member_id)
VALUES (7, 7, 3, 1, 7, 7);
INSERT INTO club_member (club_member_id, attendance_state_id, club_grade_id, club_id, club_member_information_id,
                         member_id)
VALUES (8, 8, 3, 1, 8, 8);
INSERT INTO club_member (club_member_id, attendance_state_id, club_grade_id, club_id, club_member_information_id,
                         member_id)
VALUES (9, 9, 3, 1, 9, 9);
INSERT INTO club_member (club_member_id, attendance_state_id, club_grade_id, club_id, club_member_information_id,
                         member_id)
VALUES (10, 10, 3, 1, 10, 10);
INSERT INTO club_member (club_member_id, attendance_state_id, club_grade_id, club_id, club_member_information_id,
                         member_id)
VALUES (11, 11, 3, 1, 11, 11);
INSERT INTO club_member (club_member_id, attendance_state_id, club_grade_id, club_id, club_member_information_id,
                         member_id)
VALUES (12, 12, 3, 1, 12, 12);
INSERT INTO club_member (club_member_id, attendance_state_id, club_grade_id, club_id, club_member_information_id,
                         member_id)
VALUES (13, 13, 3, 1, 13, 13);
INSERT INTO club_member (club_member_id, attendance_state_id, club_grade_id, club_id, club_member_information_id,
                         member_id)
VALUES (14, 14, 3, 1, 14, 14);
INSERT INTO club_member (club_member_id, attendance_state_id, club_grade_id, club_id, club_member_information_id,
                         member_id)
VALUES (15, 15, 3, 1, 15, 15);
INSERT INTO club_member (club_member_id, attendance_state_id, club_grade_id, club_id, club_member_information_id,
                         member_id)
VALUES (16, 16, 3, 1, 16, 16);
INSERT INTO club_member (club_member_id, attendance_state_id, club_grade_id, club_id, club_member_information_id,
                         member_id)
VALUES (17, 17, 3, 1, 17, 17);
INSERT INTO club_member (club_member_id, attendance_state_id, club_grade_id, club_id, club_member_information_id,
                         member_id)
VALUES (18, 18, 3, 1, 18, 18);
INSERT INTO club_member (club_member_id, attendance_state_id, club_grade_id, club_id, club_member_information_id,
                         member_id)
VALUES (19, 19, 3, 1, 19, 19);
INSERT INTO club_member (club_member_id, attendance_state_id, club_grade_id, club_id, club_member_information_id,
                         member_id)
VALUES (20, 20, 3, 1, 20, 20);
INSERT INTO club_member (club_member_id, attendance_state_id, club_grade_id, club_id, club_member_information_id,
                         member_id)
VALUES (21, 21, 4, 1, 21, 21);
INSERT INTO club_member (club_member_id, attendance_state_id, club_grade_id, club_id, club_member_information_id,
                         member_id)
VALUES (22, 22, 4, 1, 22, 22);
INSERT INTO club_member (club_member_id, attendance_state_id, club_grade_id, club_id, club_member_information_id,
                         member_id)
VALUES (23, 23, 4, 1, 23, 23);
INSERT INTO club_member (club_member_id, attendance_state_id, club_grade_id, club_id, club_member_information_id,
                         member_id)
VALUES (24, 24, 4, 1, 24, 24);
INSERT INTO club_member (club_member_id, attendance_state_id, club_grade_id, club_id, club_member_information_id,
                         member_id)
VALUES (25, 25, 4, 1, 25, 25);
INSERT INTO club_member (club_member_id, attendance_state_id, club_grade_id, club_id, club_member_information_id,
                         member_id)
VALUES (26, 26, 4, 1, 26, 26);
INSERT INTO club_member (club_member_id, attendance_state_id, club_grade_id, club_id, club_member_information_id,
                         member_id)
VALUES (27, 27, 4, 1, 27, 27);
INSERT INTO club_member (club_member_id, attendance_state_id, club_grade_id, club_id, club_member_information_id,
                         member_id)
VALUES (28, 28, 4, 1, 28, 28);
INSERT INTO club_member (club_member_id, attendance_state_id, club_grade_id, club_id, club_member_information_id,
                         member_id)
VALUES (29, 29, 4, 1, 29, 29);
INSERT INTO club_member (club_member_id, attendance_state_id, club_grade_id, club_id, club_member_information_id,
                         member_id)
VALUES (30, 30, 4, 1, 30, 30);
INSERT INTO club_member (club_member_id, attendance_state_id, club_grade_id, club_id, club_member_information_id,
                         member_id)
VALUES (31, 31, 1, 2, 31, 31);
INSERT INTO club_member (club_member_id, attendance_state_id, club_grade_id, club_id, club_member_information_id,
                         member_id)
VALUES (32, 32, 2, 2, 32, 32);
INSERT INTO club_member (club_member_id, attendance_state_id, club_grade_id, club_id, club_member_information_id,
                         member_id)
VALUES (33, 33, 3, 2, 33, 33);
INSERT INTO club_member (club_member_id, attendance_state_id, club_grade_id, club_id, club_member_information_id,
                         member_id)
VALUES (34, 34, 3, 2, 34, 34);
INSERT INTO club_member (club_member_id, attendance_state_id, club_grade_id, club_id, club_member_information_id,
                         member_id)
VALUES (35, 35, 3, 2, 35, 35);
INSERT INTO club_member (club_member_id, attendance_state_id, club_grade_id, club_id, club_member_information_id,
                         member_id)
VALUES (36, 36, 3, 2, 36, 36);
INSERT INTO club_member (club_member_id, attendance_state_id, club_grade_id, club_id, club_member_information_id,
                         member_id)
VALUES (37, 37, 3, 2, 37, 37);
INSERT INTO club_member (club_member_id, attendance_state_id, club_grade_id, club_id, club_member_information_id,
                         member_id)
VALUES (38, 38, 3, 2, 38, 38);
INSERT INTO club_member (club_member_id, attendance_state_id, club_grade_id, club_id, club_member_information_id,
                         member_id)
VALUES (39, 39, 3, 2, 39, 39);
INSERT INTO club_member (club_member_id, attendance_state_id, club_grade_id, club_id, club_member_information_id,
                         member_id)
VALUES (40, 40, 3, 2, 40, 40);
INSERT INTO club_member (club_member_id, attendance_state_id, club_grade_id, club_id, club_member_information_id,
                         member_id)
VALUES (41, 41, 3, 2, 41, 41);
INSERT INTO club_member (club_member_id, attendance_state_id, club_grade_id, club_id, club_member_information_id,
                         member_id)
VALUES (42, 42, 3, 2, 42, 42);
INSERT INTO club_member (club_member_id, attendance_state_id, club_grade_id, club_id, club_member_information_id,
                         member_id)
VALUES (43, 43, 3, 2, 43, 43);
INSERT INTO club_member (club_member_id, attendance_state_id, club_grade_id, club_id, club_member_information_id,
                         member_id)
VALUES (44, 44, 3, 2, 44, 44);
INSERT INTO club_member (club_member_id, attendance_state_id, club_grade_id, club_id, club_member_information_id,
                         member_id)
VALUES (45, 45, 3, 2, 45, 45);
INSERT INTO club_member (club_member_id, attendance_state_id, club_grade_id, club_id, club_member_information_id,
                         member_id)
VALUES (46, 46, 4, 2, 46, 46);
INSERT INTO club_member (club_member_id, attendance_state_id, club_grade_id, club_id, club_member_information_id,
                         member_id)
VALUES (47, 47, 4, 2, 47, 47);
INSERT INTO club_member (club_member_id, attendance_state_id, club_grade_id, club_id, club_member_information_id,
                         member_id)
VALUES (48, 48, 4, 2, 48, 48);
INSERT INTO club_member (club_member_id, attendance_state_id, club_grade_id, club_id, club_member_information_id,
                         member_id)
VALUES (49, 49, 4, 2, 49, 49);
INSERT INTO club_member (club_member_id, attendance_state_id, club_grade_id, club_id, club_member_information_id,
                         member_id)
VALUES (50, 50, 4, 2, 50, 50);
INSERT INTO club_member (club_member_id, attendance_state_id, club_grade_id, club_id, club_member_information_id,
                         member_id)
VALUES (51, 51, 1, 3, 51, 51);
INSERT INTO club_member (club_member_id, attendance_state_id, club_grade_id, club_id, club_member_information_id,
                         member_id)
VALUES (52, 52, 2, 3, 52, 52);
INSERT INTO club_member (club_member_id, attendance_state_id, club_grade_id, club_id, club_member_information_id,
                         member_id)
VALUES (53, 53, 3, 3, 53, 53);
INSERT INTO club_member (club_member_id, attendance_state_id, club_grade_id, club_id, club_member_information_id,
                         member_id)
VALUES (54, 54, 3, 3, 54, 54);
INSERT INTO club_member (club_member_id, attendance_state_id, club_grade_id, club_id, club_member_information_id,
                         member_id)
VALUES (55, 55, 3, 3, 55, 55);
INSERT INTO club_member (club_member_id, attendance_state_id, club_grade_id, club_id, club_member_information_id,
                         member_id)
VALUES (56, 56, 3, 3, 56, 56);
INSERT INTO club_member (club_member_id, attendance_state_id, club_grade_id, club_id, club_member_information_id,
                         member_id)
VALUES (57, 57, 3, 3, 57, 57);
INSERT INTO club_member (club_member_id, attendance_state_id, club_grade_id, club_id, club_member_information_id,
                         member_id)
VALUES (58, 58, 3, 3, 58, 58);
INSERT INTO club_member (club_member_id, attendance_state_id, club_grade_id, club_id, club_member_information_id,
                         member_id)
VALUES (59, 59, 3, 3, 59, 59);
INSERT INTO club_member (club_member_id, attendance_state_id, club_grade_id, club_id, club_member_information_id,
                         member_id)
VALUES (60, 60, 3, 3, 60, 60);
INSERT INTO club_member (club_member_id, attendance_state_id, club_grade_id, club_id, club_member_information_id,
                         member_id)
VALUES (61, 61, 3, 3, 61, 61);
INSERT INTO club_member (club_member_id, attendance_state_id, club_grade_id, club_id, club_member_information_id,
                         member_id)
VALUES (62, 62, 3, 3, 62, 62);
INSERT INTO club_member (club_member_id, attendance_state_id, club_grade_id, club_id, club_member_information_id,
                         member_id)
VALUES (63, 63, 3, 3, 63, 63);
INSERT INTO club_member (club_member_id, attendance_state_id, club_grade_id, club_id, club_member_information_id,
                         member_id)
VALUES (64, 64, 3, 3, 64, 64);
INSERT INTO club_member (club_member_id, attendance_state_id, club_grade_id, club_id, club_member_information_id,
                         member_id)
VALUES (65, 65, 3, 3, 65, 65);
INSERT INTO club_member (club_member_id, attendance_state_id, club_grade_id, club_id, club_member_information_id,
                         member_id)
VALUES (66, 66, 4, 3, 66, 66);
INSERT INTO club_member (club_member_id, attendance_state_id, club_grade_id, club_id, club_member_information_id,
                         member_id)
VALUES (67, 67, 4, 3, 67, 67);
INSERT INTO club_member (club_member_id, attendance_state_id, club_grade_id, club_id, club_member_information_id,
                         member_id)
VALUES (68, 68, 4, 3, 68, 68);
INSERT INTO club_member (club_member_id, attendance_state_id, club_grade_id, club_id, club_member_information_id,
                         member_id)
VALUES (69, 69, 4, 3, 69, 69);
INSERT INTO club_member (club_member_id, attendance_state_id, club_grade_id, club_id, club_member_information_id,
                         member_id)
VALUES (70, 70, 4, 3, 70, 70);
INSERT INTO club_member (club_member_id, attendance_state_id, club_grade_id, club_id, club_member_information_id,
                         member_id)
VALUES (71, 71, 4, 3, 71, 71);
INSERT INTO club_member (club_member_id, attendance_state_id, club_grade_id, club_id, club_member_information_id,
                         member_id)
VALUES (72, 72, 4, 3, 72, 72);
INSERT INTO club_member (club_member_id, attendance_state_id, club_grade_id, club_id, club_member_information_id,
                         member_id)
VALUES (73, 73, 4, 3, 73, 73);
INSERT INTO club_member (club_member_id, attendance_state_id, club_grade_id, club_id, club_member_information_id,
                         member_id)
VALUES (74, 74, 4, 3, 74, 74);
INSERT INTO club_member (club_member_id, attendance_state_id, club_grade_id, club_id, club_member_information_id,
                         member_id)
VALUES (75, 75, 4, 3, 75, 75);
INSERT INTO club_member (club_member_id, attendance_state_id, club_grade_id, club_id, club_member_information_id,
                         member_id)
VALUES (76, 76, 4, 3, 76, 76);
INSERT INTO club_member (club_member_id, attendance_state_id, club_grade_id, club_id, club_member_information_id,
                         member_id)
VALUES (77, 77, 4, 3, 77, 77);
INSERT INTO club_member (club_member_id, attendance_state_id, club_grade_id, club_id, club_member_information_id,
                         member_id)
VALUES (78, 78, 4, 3, 78, 78);
INSERT INTO club_member (club_member_id, attendance_state_id, club_grade_id, club_id, club_member_information_id,
                         member_id)
VALUES (79, 79, 4, 3, 79, 79);
INSERT INTO club_member (club_member_id, attendance_state_id, club_grade_id, club_id, club_member_information_id,
                         member_id)
VALUES (80, 80, 4, 3, 80, 80);
INSERT INTO club_member (club_member_id, attendance_state_id, club_grade_id, club_id, club_member_information_id,
                         member_id)
VALUES (81, 81, 1, 4, 81, 81);
INSERT INTO club_member (club_member_id, attendance_state_id, club_grade_id, club_id, club_member_information_id,
                         member_id)
VALUES (82, 82, 2, 4, 82, 82);
INSERT INTO club_member (club_member_id, attendance_state_id, club_grade_id, club_id, club_member_information_id,
                         member_id)
VALUES (83, 83, 3, 4, 83, 83);
INSERT INTO club_member (club_member_id, attendance_state_id, club_grade_id, club_id, club_member_information_id,
                         member_id)
VALUES (84, 84, 3, 4, 84, 84);
INSERT INTO club_member (club_member_id, attendance_state_id, club_grade_id, club_id, club_member_information_id,
                         member_id)
VALUES (85, 85, 3, 4, 85, 85);
INSERT INTO club_member (club_member_id, attendance_state_id, club_grade_id, club_id, club_member_information_id,
                         member_id)
VALUES (86, 86, 3, 4, 86, 86);
INSERT INTO club_member (club_member_id, attendance_state_id, club_grade_id, club_id, club_member_information_id,
                         member_id)
VALUES (87, 87, 3, 4, 87, 87);
INSERT INTO club_member (club_member_id, attendance_state_id, club_grade_id, club_id, club_member_information_id,
                         member_id)
VALUES (88, 88, 4, 4, 88, 88);
INSERT INTO club_member (club_member_id, attendance_state_id, club_grade_id, club_id, club_member_information_id,
                         member_id)
VALUES (89, 89, 4, 4, 89, 89);
INSERT INTO club_member (club_member_id, attendance_state_id, club_grade_id, club_id, club_member_information_id,
                         member_id)
VALUES (90, 90, 4, 4, 90, 90);
INSERT INTO club_member (club_member_id, attendance_state_id, club_grade_id, club_id, club_member_information_id,
                         member_id)
VALUES (91, 91, 1, 5, 91, 91);
INSERT INTO club_member (club_member_id, attendance_state_id, club_grade_id, club_id, club_member_information_id,
                         member_id)
VALUES (92, 92, 2, 5, 92, 92);
INSERT INTO club_member (club_member_id, attendance_state_id, club_grade_id, club_id, club_member_information_id,
                         member_id)
VALUES (93, 93, 3, 5, 93, 93);
INSERT INTO club_member (club_member_id, attendance_state_id, club_grade_id, club_id, club_member_information_id,
                         member_id)
VALUES (94, 94, 3, 5, 94, 94);
INSERT INTO club_member (club_member_id, attendance_state_id, club_grade_id, club_id, club_member_information_id,
                         member_id)
VALUES (95, 95, 3, 5, 95, 95);
INSERT INTO club_member (club_member_id, attendance_state_id, club_grade_id, club_id, club_member_information_id,
                         member_id)
VALUES (96, 96, 3, 5, 96, 96);
INSERT INTO club_member (club_member_id, attendance_state_id, club_grade_id, club_id, club_member_information_id,
                         member_id)
VALUES (97, 97, 4, 5, 97, 97);
INSERT INTO club_member (club_member_id, attendance_state_id, club_grade_id, club_id, club_member_information_id,
                         member_id)
VALUES (98, 98, 4, 5, 98, 98);
INSERT INTO club_member (club_member_id, attendance_state_id, club_grade_id, club_id, club_member_information_id,
                         member_id)
VALUES (99, 99, 4, 5, 99, 99);
INSERT INTO club_member (club_member_id, attendance_state_id, club_grade_id, club_id, club_member_information_id,
                         member_id)
VALUES (100, 100, 4, 5, 100, 100);
