INSERT INTO USER_INFO (gpa,
                       mbti,
                       address,
                       advantages,
                       birth_date,
                       disadvantage,
                       hobby,
                       major,
                       name,
                       phone_num,
                       photo,
                       self_introduction,
                       specialty_skill,
                       student_id,
                       ob,
                       year_registration,
                       email,
                       password,
                       regular_member)
VALUES (4.2, 'ENTP', '수완동', '나의 장점은', '1996-04-15', '나의 단점', '달리기', '컴퓨터 공학과', '박승찬', '010-2383-6578', '사진', '자기소개',
        '특기', '20161822', FALSE, '2023', 'seungchan141414@gmail.com',
        '$2a$10$735DgTje5HKqKqQrD3Jd5.j4sfdDF5Q4aXx7TUq2JWYwj/pz3n05a', TRUE),
       (4.2, 'ENTP', '수완동',
        '나의 장점은나의 장점은나의 장점은나의 장점은나의 장점은나의 장점은나의 장점은나의 장점은나의 장점은나의 장점은나의 장점은나의 장점은나의 장점은나의 장점은나의 장점은나의 장점은나의 장점은',
        '1996-04-15',
        '나의 단나의 단점나의 단점나의 단점나의 단점나의 단점나의 단점나의 단점나의 단점나의 단점나의 단점나의 단점나의 단점나의 단점나의 단점나의 단점나의 단점나의 단점나의 단점나의 단점나의 단점나의 단점나의 단점나의 단점나의 단점나의 단점나의 단점점',
        '달리기', '컴퓨터 공학과', '이승훈', '010-2383-6578', '사진',
        '자기자기소개자기소개자기소개자기소개자기소개자기소개자기소개자기소개자기소개자기소개자기소개자기소개자기소개자기소개자기소개자기소개자기소개자기소개자기소개자기소개자기소개자기소개자기소개자기소개자기소개자기소개자기소개자기소개자기소개자기소개자기소개자기소개자기소개자기소개자기소개자기소개자기소개자기소개자기소개자기소개자기소개자기소개자기소개자기소개자기소개자기소개자기소개자기소개자기소개자기소개자기소개자기소개자기소개자기소개자기소개자기소개소개',
        '특기', '20161822', TRUE, '2023', '2@gmail.com', '$2a$10$5tb6qszu4wtEmbQHZDKVPutSiqjPB.sisziAFHcWXXwo2akedGpxK',
        TRUE),
       (4.2, 'ENTP', '수완동',
        '나의 장점은나의 장점은나의 장점은나의 장점은나의 장점은나의 장점은나의 장점은나의 장점은나의 장점은나의 장점은나의 장점은나의 장점은나의 장점은나의 장점은나의 장점은나의 장점은나의 장점은',
        '1996-04-15',
        '나의나의 단점나의 단점나의 단점나의 단점나의 단점나의 단점나의 단점나의 단점나의 단점나의 단점나의 단점나의 단점나의 단점나의 단점나의 단점나의 단점나의 단점나의 단점나의 단점나의 단점나의 단점나의 단점나의 단점나의 단점나의 단점나의 단점 단점',
        '달리기', '컴퓨터 공학과', '김주연', '010-2383-6578', '사진',
        '자자기소개자기소개자기소개자기소개자기소개자기소개자기소개자기소개자기소개자기소개자기소개자기소개자기소개자기소개자기소개자기소개자기소개자기소개자기소개자기소개자기소개자기소개자기소개자기소개자기소개자기소개자기소개자기소개자기소개자기소개자기소개자기소개자기소개자기소개자기소개자기소개자기소개자기소개자기소개자기소개자기소개자기소개자기소개자기소개자기소개자기소개자기소개자기소개자기소개자기소개자기소개자기소개자기소개자기소개자기소개자기소개기소개',
        '특기', '20161822', FALSE, '2023', '3@gmail.com', '$2a$10$5tb6qszu4wtEmbQHZDKVPutSiqjPB.sisziAFHcWXXwo2akedGpxK',
        TRUE),
       (4.2, 'ENTP', '수완동',
        '나의 장점은나의 장점은나의 장점은나의 장점은나의 장점은나의 장점은나의 장점은나의 장점은나의 장점은나의 장점은나의 장점은나의 장점은나의 장점은나의 장점은나의 장점은나의 장점은나의 장점은',
        '1996-04-15',
        '나나의 단점나의 단점나의 단점나의 단점나의 단점나의 단점나의 단점나의 단점나의 단점나의 단점나의 단점나의 단점나의 단점나의 단점나의 단점나의 단점나의 단점나의 단점나의 단점나의 단점나의 단점나의 단점나의 단점나의 단점나의 단점나의 단점의 단점',
        '달리기', '컴퓨터 공학과', '이동근', '010-2383-6578', '사진',
        '자자기소개자기소개자기소개자기소개자기소개자기소개자기소개자기소개자기소개자기소개자기소개자기소개자기소개자기소개자기소개자기소개자기소개자기소개자기소개자기소개자기소개자기소개자기소개자기소개자기소개자기소개자기소개자기소개자기소개자기소개자기소개자기소개자기소개자기소개자기소개자기소개자기소개자기소개자기소개자기소개자기소개자기소개자기소개자기소개자기소개자기소개자기소개자기소개자기소개자기소개자기소개자기소개자기소개자기소개자기소개자기소개기소개',
        '특기', '20161822', TRUE, '2023', '4@gmail.com', '$2a$10$5tb6qszu4wtEmbQHZDKVPutSiqjPB.sisziAFHcWXXwo2akedGpxK',
        TRUE),
       (4.2, 'ENTP', '수완동',
        '나의 장점은나의 장점은나의 장점은나의 장점은나의 장점은나의 장점은나의 장점은나의 장점은나의 장점은나의 장점은나의 장점은나의 장점은나의 장점은나의 장점은나의 장점은나의 장점은나의 장점은',
        '1996-04-15',
        '나의 단점나의 단점나의 단점나의 단점나의 단점나의 단점나의 단점나의 단점나의 단점나의 단점나의 단점나의 단점나의 단점나의 단점나의 단점나의 단점나의 단점나의 단점나의 단점나의 단점나의 단점나의 단점나의 단점나의 단점나의 단점나의 단점',
        '달리기', '컴퓨터 공학과', '허진범', '010-2383-6578', '사진',
        '자자기소개자기소개자기소개자기소개자기소개자기소개자기소개자기소개자기소개자기소개자기소개자기소개자기소개자기소개자기소개자기소개자기소개자기소개자기소개자기소개자기소개자기소개자기소개자기소개자기소개자기소개자기소개자기소개자기소개자기소개자기소개자기소개자기소개자기소개자기소개자기소개자기소개자기소개자기소개자기소개자기소개자기소개자기소개자기소개자기소개자기소개자기소개자기소개자기소개자기소개자기소개자기소개자기소개자기소개자기소개자기소개기소개',
        '특기', '20161822', FALSE, '2023', '5@gmail.com', '$2a$10$5tb6qszu4wtEmbQHZDKVPutSiqjPB.sisziAFHcWXXwo2akedGpxK',
        TRUE),
--     추가
       -- 추가 사용자들...
       ('4.4', 'ENFP', '서초구',
        '다른 사용자의 장점은...', '1998-07-18',
        '다른 사용자의 단점은...', '피아노 연주', '음악학과', '장미경', '010-1234-5678', '사진',
        '다른 사용자에 대한 소개...', '노래 작곡', '20190004', FALSE, '2023', 'test4@example.com', '$2a$10$yzabcdef', TRUE),
       -- 추가 사용자들...
       ('4.2', 'ISFJ', '강북구',
        '다른 사용자의 장점은...', '1999-03-25',
        '다른 사용자의 단점은...', '서핑', '화학공학과', '이승우', '010-9876-5432', '사진',
        '다른 사용자에 대한 소개...', '실험 분석', '20200005', FALSE, '2024', 'test5@example.com', '$2a$10$abcdefg', TRUE),
       -- 추가 사용자들...
       ('4.1', 'ESTJ', '송파구',
        '다른 사용자의 장점은...', '1996-09-05',
        '다른 사용자의 단점은...', '자전거 타기', '경제학과', '최영진', '010-1111-1111', '사진',
        '다른 사용자에 대한 소개...', '금융 분석', '20210006', FALSE, '2022', 'test6@example.com', '$2a$10$bcdefgh', TRUE),
       -- 추가 사용자들...
       ('4.1', 'INTJ', '강남구',
        '다른 사용자의 장점은...', '1995-08-22',
        '다른 사용자의 단점은...', '수영', '경영학과', '김영희', '010-1234-5678', '사진',
        '다른 사용자에 대한 소개...', '프로그래밍', '20170001', FALSE, '2022', 'test1@example.com', '$2a$10$abcdefgh', TRUE),
       -- 추가 사용자들...
       ('4.0', 'INFJ', '마포구',
        '다른 사용자의 장점은...', '1997-02-10',
        '다른 사용자의 단점은...', '음악 감상', '예술학과', '이순신', '010-9876-5432', '사진',
        '다른 사용자에 대한 소개...', '노래 부르기', '20180002', FALSE, '2023', 'test2@example.com', '$2a$10$ijklmnop', TRUE);



INSERT INTO user_utill (id, cnt_vacation, nuri_king, name, user_id, general_affairs)
VALUES (1, 0, TRUE, '박승찬', 1, FALSE),
       (2, 1, FALSE, '김주연', 3, FALSE),
       (3, 1, FALSE, '허진범', 5, TRUE),
--        추가
       (4, 1, FALSE, '장미경', 6, FALSE),
       (5, 1, FALSE, '이승우', 7, FALSE),
       (6, 1, FALSE, '최영진', 8, FALSE),
       (7, 1, FALSE, '김영희', 9, FALSE),
       (8, 1, FALSE, '이순신', 10, FALSE);

INSERT INTO suggestions (id, classification, check_content, title, holiday_period)
VALUES (1, '건의', TRUE, '건의 제목 1', ''),
       (2, '휴가', FALSE, '휴가 제목 1', '2023-08-01 ~ 2023-08-07'),
       (3, '자유', TRUE, '자유 제목 1', ''),
       (4, '비밀', FALSE, '비밀 제목 1', '');

INSERT INTO attendance_status (id, absence_dates, name, user_id, vacation_dates, weekly_data)
VALUES (1, '2023-08-15', '박승찬', 1, '2023-08-01, 2023-08-07, 2023-08-14', '[0,0,0,0,-1]'),
       (2, '2023-08-11', '김주연', 3, '2023-08-08, 2023-08-18', '[0,0,0,0,0]'),
       (3, '2023-08-18', '허진범', 5, '2023-08-07, 2023-08-11', '[1,0,0,0,0]'),
--        추가
       (4, '2023-08-18', '장미경', 6, '2023-08-07, 2023-08-11', '[1,0,0,0,0]'),
       (5, '2023-08-18', '이승우', 7, '2023-08-07, 2023-08-11', '[1,0,0,0,0]'),
       (6, '2023-08-18', '최영진', 8, '2023-08-07, 2023-08-11', '[1,0,0,0,0]'),
       (7, '2023-08-18', '김영희', 9, '2023-08-07, 2023-08-11', '[1,0,0,0,0]'),
       (8, '2023-08-18', '이순신', 10, '2023-08-07, 2023-08-11', '[1,0,0,0,0]');


INSERT INTO temp_user (id,
                       gpa,
                       mbti,
                       address,
                       advantages,
                       birth_date,
                       disadvantage,
                       hobby,
                       major,
                       name,
                       phone_num,
                       photo,
                       self_introduction,
                       specialty_skill,
                       student_id,
                       ob,
                       year_registration,
                       email,
                       password,
                       regular_member,
                       application_date)
VALUES (1, 4.2, 'ENTP', '수완동', '나의 장점은', '1996-04-15', '나의 단점', '달리기', '컴퓨터 공학과', '새로운신입_1', '010-2383-6578', '사진',
        '자기소개',
        '특기', '20161822', FALSE, '2023', 'new1@gmail.com',
        '$2a$10$735DgTje5HKqKqQrD3Jd5.j4sfdDF5Q4aXx7TUq2JWYwj/pz3n05a', FALSE, '2023-08-21'),
       (2, 4.2, 'ENTP', '수완동', '나의 장점은', '1996-04-15', '나의 단점', '달리기', '컴퓨터 공학과', '새로운신입_2', '010-2383-6578', '사진',
        '자기소개',
        '특기', '20161822', FALSE, '2023', 'new2@gmail.com',
        '$2a$10$735DgTje5HKqKqQrD3Jd5.j4sfdDF5Q4aXx7TUq2JWYwj/pz3n05a', FALSE, '2023-08-22');

INSERT INTO PERIODIC_DATA (NAME, PREVIOUS_MONTH, THIS_MONTH, USER_ID, WEEKLY_DATA)
VALUES ('박승찬', '1:[1,0,1,1,1] , 2:[0,1,1,1,1] , 3:[0,-1,1,1,1] , 4:[0,0,0,0,0] , ', 6, 1, '[0,0,0,0,0]'),
       ('김주연', '1:[1,1,1,1,1] , 2:[1,0,1,1,-1] , 3:[1,1,1,1,0] , 4:[0,0,0,0,0] , ', 6, 3, '[0,0,0,0,0]'),
       ('허진범', '1:[1,1,1,1,1] , 2:[0,1,1,1,0] , 3:[1,1,1,1,-1] , 4:[0,0,0,0,0] , ', 6, 5, '[1,0,0,0,0]'),
--        추가
       ('장미경', '1:[1,1,1,1,1] , 2:[0,1,1,1,0] , 3:[1,1,1,1,-1] , 4:[0,0,0,0,0] , ', 6, 6, '[1,0,0,0,0]'),
       ('이승우', '1:[1,1,1,1,1] , 2:[0,1,1,1,0] , 3:[1,1,1,1,-1] , 4:[0,0,0,0,0] , ', 6, 7, '[1,0,0,0,0]'),
       ('최영진', '1:[1,1,1,1,1] , 2:[0,1,1,1,0] , 3:[1,1,1,1,-1] , 4:[0,0,0,0,0] , ', 6, 8, '[1,0,0,0,0]'),
       ('김영희', '1:[1,1,1,1,1] , 2:[0,1,1,1,0] , 3:[1,1,1,1,-1] , 4:[0,0,0,0,0] , ', 6, 9, '[1,0,0,0,0]'),
       ('이순신', '1:[1,1,1,1,1] , 2:[0,1,1,1,0] , 3:[1,1,1,1,-1] , 4:[0,0,0,0,0] , ', 6, 10, '[1,0,0,0,0]');


INSERT INTO num_of_today_attendance (check_num, today)
VALUES ('1234', '2023-09-07'),
       ('2345', '2023-09-08'),
       ('2345', '2023-09-09'),
       ('1234', '2023-09-20'),
       ('1234', '2023-12-12');


INSERT INTO attendance_time (attendance_time, name, exception_attendance, user_id)
VALUES ('09', '박승찬', true, 1),
       ('09', '김주연', false, 3),
       ('09', '허진범', false, 5),
--        추가
       ('09', '장미경', false, 6),
       ('09', '이승우', false, 7),
       ('09', '최영진', false, 8),
       ('09', '김영희', false, 9),
       ('09', '이순신', false, 10);
